,PULocationID,trip_distance,fare_amount,tip_amount,total_amount,travel_duration_in_seconds,average_speed,average_fare,tip_fare_r,count,Borough,Zone,service_zone
0,1,3.0637499999999998,13.875,3.29125,19.528749999999995,999.75,11.516827866871118,7.216029122845149,0.23508313430635414,8,EWR,newark airport,EWR
1,2,6.125454545454545,20.636363636363637,4.429090909090909,26.410909090909094,1085.5454545454545,20.128636485300806,4.331401460311619,0.21932711957250028,11,Queens,jamaica bay,Boro Zone
2,3,6.655555555555555,23.27777777777778,4.6033333333333335,31.63555555555556,1472.5555555555557,16.134911080833724,4.446754085840236,0.20323018033414625,9,Bronx,allerton/pelham gardens,Boro Zone
3,4,2.5267680664787053,11.368986496512836,2.6190298263838163,17.091482415787656,764.7648018993916,11.597825517158158,5.476042376764496,0.24527053600093235,33695,Manhattan,alphabet city,Yellow Zone
4,6,4.0562499999999995,16.125,3.6850000000000005,24.990000000000002,997.625,15.955479996774471,5.084056663502403,0.22901713684366126,8,Staten Island,arrochar/fort wadsworth,Boro Zone
5,7,2.790816077953714,11.713877892813642,2.5725258830694577,16.20221985383596,748.9106272838003,13.398506778862124,5.158378303215162,0.23505990300041177,13136,Queens,astoria,Boro Zone
6,8,4.291923076923077,28.115384615384617,5.3305384615384614,37.990923076923096,832.3538461538461,19.02120348826808,6.934291580312132,0.2160023148026919,130,Queens,astoria park,Boro Zone
7,9,6.404285714285714,21.071428571428573,4.1642857142857155,27.215714285714284,1116.142857142857,21.03031612027969,3.961239940729978,0.21565561798268565,7,Queens,auburndale,Boro Zone
8,10,10.37982456140351,39.5140350877193,6.8558947368420995,51.07680701754386,1552.3578947368421,24.644784624687407,3.987723193272532,0.18472957422859146,285,Queens,baisley park,Boro Zone
9,11,5.498,17.506,3.7769999999999997,23.445,877.3,20.27539803770435,3.8542633878638357,0.24545614963112686,10,Brooklyn,bath beach,Boro Zone
10,12,4.005322939866357,16.052034824863334,3.637033812512639,22.83534521158177,1079.5302692852804,13.280031766456759,4.8439738940391885,0.24036421876217548,4939,Manhattan,battery park,Yellow Zone
11,13,3.5567017736568127,14.268415016315059,3.1842082081434793,20.526135431121034,912.9805511582076,13.76538851674528,4.8377139163046055,0.23715939000646277,185718,Manhattan,battery park city,Yellow Zone
12,14,4.597966101694915,16.76271186440678,3.7465536723163835,23.4317514124294,905.7062146892655,17.714953289591794,4.591305729824836,0.23654531430836384,177,Brooklyn,bay ridge,Boro Zone
13,15,6.189999999999999,20.166666666666668,3.9,25.366666666666664,925.0,23.54350014578586,4.570675658325388,0.17460130718954248,3,Queens,bay terrace/fort totten,Boro Zone
14,16,4.02375,14.195833333333333,3.24,19.113750000000007,750.8333333333334,17.858535866549285,4.595126384066334,0.2794484654730092,24,Queens,bayside,Boro Zone
15,17,2.937406593406596,12.173626373626373,2.4869597069597114,16.4653260073259,787.756043956044,12.741811021932355,5.161904937309093,0.21788930770784373,1365,Brooklyn,bedford,Boro Zone
16,18,4.886153846153847,17.46153846153846,3.193589743589744,23.00230769230769,1015.7435897435897,15.692688101213044,4.41631649306043,0.20523627708650166,39,Bronx,bedford park,Boro Zone
17,19,3.3890909090909096,12.621212121212121,2.9557575757575756,18.379090909090902,674.1212121212121,17.36789036784232,4.662845622522421,0.2500869287900379,33,Queens,bellerose,Boro Zone
18,20,5.356129032258065,18.403225806451612,4.314193548387096,25.25709677419355,1048.4193548387098,17.20364270044965,4.514159404331168,0.2369171557935784,31,Bronx,belmont,Boro Zone
19,21,4.010689655172414,15.568965517241379,3.3917241379310346,21.190689655172413,881.3103448275862,15.45309452941153,4.783768713090531,0.2459971024978383,29,Brooklyn,bensonhurst east,Boro Zone
20,22,3.319999999999999,13.823529411764707,3.0752941176470587,19.02352941176471,915.2941176470588,12.593829511408657,5.365731682352035,0.22764302447826812,34,Brooklyn,bensonhurst west,Boro Zone
21,23,3.522941176470588,13.382352941176471,3.293529411764706,19.107647058823527,736.2352941176471,15.501025517998812,5.683081308415355,0.2474980024060906,17,Staten Island,bloomfield/emerson hill,Boro Zone
22,24,2.321077555463796,10.687394421712527,2.4300992905139895,15.435911633322405,709.4754119899395,11.937784437313622,5.421641736296416,0.2394027423638251,53278,Manhattan,bloomingdale,Yellow Zone
23,25,3.205476068313402,12.933042585941509,2.866049256028764,17.61048376456694,810.5834493879645,13.413973012202092,5.061452037640966,0.23485560061498204,13643,Brooklyn,boerum hill,Boro Zone
24,26,3.59719512195122,14.768292682926829,2.815609756097561,20.084634146341457,997.4878048780488,12.183136957888044,5.4340255139013705,0.2089102719199806,82,Brooklyn,borough park,Boro Zone
25,27,1.7912499999999998,10.75,2.225,14.399999999999999,844.0,8.479093690384065,6.524034208497669,0.21472224997225,8,Queens,breezy point/fort tilden/riis beach,Boro Zone
26,28,7.680524590163942,32.62540983606557,6.060327868852456,43.26199999999998,1200.1327868852459,21.806051767449638,4.798228521854088,0.21005776741995935,610,Queens,briarwood/jamaica hills,Boro Zone
27,29,2.0269642857142856,10.321428571428571,2.446785714285715,15.727499999999997,715.4107142857143,10.04255175317864,6.0911532645070166,0.24939284306310264,56,Brooklyn,brighton beach,Boro Zone
28,30,6.069999999999999,19.25,1.58,22.13,972.5,21.224040367633805,4.1528161308810505,0.15830065359477125,2,Queens,broad channel,Boro Zone
29,31,5.341428571428572,19.2,3.748285714285714,26.13571428571429,1198.4,14.80955127824246,4.633233152321877,0.20957990944124574,35,Bronx,bronx park,Boro Zone
30,32,2.791428571428571,11.875,2.380357142857143,17.351785714285715,752.4642857142857,13.938678171205876,4.846632783249788,0.24314393225300404,28,Bronx,bronxdale,Boro Zone
31,33,3.8736243049119707,15.063774328081557,3.263122683039882,20.40974687210211,970.083063021316,13.821673196349163,4.809698056322986,0.22838965253278984,17264,Brooklyn,brooklyn heights,Boro Zone
32,34,3.204966442953019,13.298657718120806,2.8138590604026836,18.081812080536942,883.0402684563759,12.361144303887622,4.9651962028511,0.22220139170823985,298,Brooklyn,brooklyn navy yard,Boro Zone
33,35,4.08909090909091,16.806818181818183,3.6313636363636363,22.21772727272727,1103.7727272727273,12.965091238276932,4.796811065549559,0.2210483903865292,44,Brooklyn,brownsville,Boro Zone
34,36,4.220220385674923,15.768135904499541,3.4619191919191956,21.463360881542588,1022.6069788797062,14.221836569101619,4.3561914337371,0.23249815817229671,1089,Brooklyn,bushwick north,Boro Zone
35,37,3.567146795313578,14.094762232942799,3.070751206064782,19.153790489317608,910.8097863542384,13.509753744871563,4.686782817879415,0.23150160266177477,1451,Brooklyn,bushwick south,Boro Zone
36,38,7.1425,28.125,5.7475,35.11,1446.75,18.03588232782751,4.343470470937854,0.21978982424560053,8,Queens,cambria heights,Boro Zone
37,39,4.4565789473684205,18.736842105263158,3.311052631578947,23.895526315789475,1148.5526315789473,14.302760929613463,4.705876598475341,0.18964230237951551,38,Brooklyn,canarsie,Boro Zone
38,40,3.415381296641774,13.580631996268657,3.085074626865682,19.005191231343172,876.487056902985,13.212524129800258,5.035236962380274,0.23785610819475775,8576,Brooklyn,carroll gardens,Boro Zone
39,41,2.258366009235332,10.328547389841122,2.2332722861392402,14.503786882681982,680.0776395084919,11.735632102761704,5.522968270759407,0.2263270712996925,51108,Manhattan,central harlem,Boro Zone
40,42,2.602594800344708,11.32915828784832,2.347666618787726,15.46781312841043,738.1363832232117,12.236235030515127,5.467994045199891,0.21943192979106607,13924,Manhattan,central harlem north,Boro Zone
41,43,2.0061823382297796,10.314676459596976,2.504203294333861,15.75778789488374,739.1080001149854,10.175044700810153,5.971702943220009,0.2555167428653995,278296,Manhattan,central park,Yellow Zone
42,45,2.8875244121315444,13.061889696711587,2.9983640069358772,19.143002464028395,935.6373619687889,11.094874350994614,5.50857086757854,0.24431155438569557,32873,Manhattan,chinatown,Yellow Zone
43,46,6.6,26.5,8.49,36.79,2226.0,10.673854447439354,4.015151515151516,0.32037735849056603,1,Bronx,city island,Boro Zone
44,47,4.517000000000001,16.8,3.881750000000001,22.481,1021.175,14.81381503542337,4.667708390866115,0.23542466416682842,40,Bronx,claremont/bathgate,Boro Zone
45,48,2.1323192315810533,10.258909057485038,2.522381785625192,15.845895535585278,701.594089791861,11.027133616415474,5.992638734114245,0.2633754323730066,587492,Manhattan,clinton east,Yellow Zone
46,49,3.0411199135757987,12.681850918257112,2.781926539431039,17.29663305725613,820.2538710839035,12.776876194492303,5.0780238538722875,0.23067969236484584,2777,Brooklyn,clinton hill,Boro Zone
47,50,2.169433645406659,10.526115857226449,2.524603276770133,16.104349970738863,728.7543007606788,11.3451257415101,5.789247052852229,0.25649127622522344,170900,Manhattan,clinton west,Yellow Zone
48,51,3.9071428571428575,14.904761904761905,2.9328571428571433,20.124761904761908,910.0,15.193415743195864,4.601574526882503,0.20967816692682986,21,Bronx,co-op city,Boro Zone
49,52,3.5826135481366586,14.248738354037267,3.1605444487577734,19.334296389751017,931.5932647515529,12.90096625958187,5.263139690368602,0.23318340035440185,10304,Brooklyn,cobble hill,Boro Zone
50,53,5.750555555555556,18.805555555555557,4.159444444444443,25.837499999999995,955.6111111111111,20.045257121815673,4.182761981035991,0.2302323007330663,36,Queens,college point,Boro Zone
51,54,3.9013142857142875,14.562857142857142,3.067142857142857,20.00342857142856,899.3866666666667,14.845872744400399,4.601072948614236,0.22487533412613575,525,Brooklyn,columbia street,Boro Zone
52,55,2.341290322580645,10.870967741935484,2.1,15.330000000000002,666.8387096774194,11.523370290254038,6.092201289369667,0.21899531932408084,31,Brooklyn,coney island,Boro Zone
53,56,7.93390977443609,42.59586466165413,7.6968421052631575,55.78999999999999,1316.124060150376,23.01991479330162,5.434870802573025,0.1917146105827599,266,Queens,corona,Boro Zone
54,57,9.165555555555557,32.166666666666664,7.109999999999999,44.84111111111111,1868.0,19.925572869648686,3.5094017886814637,0.22908198897318885,9,Queens,corona,Boro Zone
55,58,3.3025,11.65625,2.59375,17.025624999999998,552.4375,17.426210057896668,4.8557459934893945,0.307167872332346,16,Bronx,country club,Boro Zone
56,59,7.29,23.0,4.456666666666666,31.16333333333333,1142.0,22.443804801012973,3.2094784718383242,0.20839210664565275,3,Bronx,crotona park,Boro Zone
57,60,3.8820833333333327,15.0,2.9691666666666663,19.642083333333336,937.6666666666666,14.11266644537537,5.363463575792127,0.21140803722013565,24,Bronx,crotona park east,Boro Zone
58,61,3.8007395498392276,14.979903536977492,3.0660369774919642,19.958263665594767,947.097266881029,13.516000235225494,4.751289272401492,0.2194032674882704,1244,Brooklyn,crown heights north,Boro Zone
59,62,3.464618320610687,13.988549618320612,2.874465648854959,18.755839694656498,929.8549618320611,13.032806285233868,4.822795391913257,0.2186058602322526,262,Brooklyn,crown heights south,Boro Zone
60,63,5.029117647058823,24.676470588235293,4.335588235294117,30.969411764705878,1232.8529411764705,15.021924841140976,5.718639123047073,0.19902697210479042,34,Brooklyn,cypress hills,Boro Zone
61,64,10.285,31.75,7.37,45.205,1619.5,25.810540966504245,3.1310292558972495,0.23278411910669974,2,Queens,douglaston,Boro Zone
62,65,3.7529709399859295,14.528356512798311,3.1430661832350424,19.896570160721065,894.0191027653011,15.035913348000701,4.580150748793686,0.227037958667077,18479,Brooklyn,downtown brooklyn/metrotech,Boro Zone
63,66,3.776262581078068,14.743961082531872,3.179513531648417,20.1819145605006,939.8286736747931,14.29833600944061,4.51137245479825,0.22570212715510257,8942,Brooklyn,dumbo/vinegar hill,Boro Zone
64,67,3.657317073170732,13.487804878048781,2.9031707317073168,19.419024390243898,783.3170731707318,15.628470830393725,4.972127627160783,0.20347397678847928,41,Brooklyn,dyker heights,Boro Zone
65,68,2.127259105497165,10.720680933730742,2.5737675365710544,16.402064994212402,776.8844317891098,10.027530634963346,6.061308744236946,0.2551906804137438,480781,Manhattan,east chelsea,Yellow Zone
66,69,4.142772727272729,15.985,3.1394545454545453,21.59777272727274,1016.7409090909091,13.76776004826335,4.9867934910897596,0.21061347445024262,220,Bronx,east concourse/concourse village,Boro Zone
67,70,6.402101167315172,21.549610894941633,4.573249027237352,29.575914396887086,1148.634241245136,20.070236003461254,4.041214139143777,0.21972771353823153,514,Queens,east elmhurst,Boro Zone
68,71,3.978787878787879,16.21212121212121,3.1993939393939397,21.138787878787873,1123.4848484848485,12.238378729898566,4.985650444536771,0.21345127011485518,33,Brooklyn,east flatbush/farragut,Boro Zone
69,72,4.844810126582279,18.32278481012658,3.91873417721519,23.98759493670885,1180.506329113924,13.695929888411118,4.692342648644636,0.23062976107669664,79,Brooklyn,east flatbush/remsen village,Boro Zone
70,73,6.872727272727272,21.954545454545453,4.991818181818183,29.94090909090909,1106.909090909091,20.94121867555647,3.8089625667069282,0.2159934211198948,11,Queens,east flushing,Boro Zone
71,74,2.436778571618284,10.66397970837428,2.3124310111285644,15.129469602399611,688.8387559427373,13.232858463567165,5.191142782936735,0.22902012220462994,37651,Manhattan,east harlem north,Boro Zone
72,75,2.1932786793716907,10.149489131243952,2.2817702672521953,14.852221115916763,669.7207623017941,12.351324169427874,5.528055917763304,0.23988216057377254,107464,Manhattan,east harlem south,Boro Zone
73,76,5.662659574468086,22.829787234042552,5.3146808510638275,29.737234042553194,1451.5531914893618,15.794108539053468,4.436191848751645,0.23736570442463067,94,Brooklyn,east new york,Boro Zone
74,77,4.494666666666666,19.433333333333334,4.956,26.112666666666666,1568.1333333333334,10.76605705721813,4.737873881169295,0.24676039365621602,15,Brooklyn,east new york/pennsylvania avenue,Boro Zone
75,78,3.7702,14.97,3.421800000000002,21.2474,979.08,12.456122091684712,5.144305628940763,0.24008275335634532,50,Bronx,east tremont,Boro Zone
76,79,2.2389667648310643,10.512485762543037,2.512380867312873,16.097392145375807,721.3044217318811,11.04604802107665,5.750480084436366,0.2539771489991445,554172,Manhattan,east village,Yellow Zone
77,80,3.522133388566696,14.390016570008285,3.155115990057984,19.659032725766828,844.4838442419222,14.575691856096887,4.846435188418594,0.23391113209187694,4828,Brooklyn,east williamsburg,Boro Zone
78,81,6.514,21.9,4.137,27.982,1243.3,18.04297917976435,3.976713627261457,0.18894587470905738,10,Bronx,eastchester,Boro Zone
79,82,4.688646034816247,22.56199871050935,4.063707285622181,29.958310767246875,948.5996131528046,17.08001452318856,5.24097751122631,0.20337050852331162,1551,Queens,elmhurst,Boro Zone
80,83,3.742149532710284,15.038317757009345,3.1711401869158897,20.479887850467264,872.5177570093458,15.029466311142457,5.009651055990872,0.22245399042911906,535,Queens,elmhurst/maspeth,Boro Zone
81,85,3.775686274509804,14.970588235294118,3.2092156862745096,20.41117647058823,1001.6666666666666,13.574109687068352,4.630649420694531,0.22682389940251155,102,Brooklyn,erasmus,Boro Zone
82,86,1.5566666666666666,8.333333333333334,2.2600000000000002,12.06,499.3333333333333,12.065560402683301,5.456804579755399,0.2770909090909091,3,Queens,far rockaway,Boro Zone
83,87,3.9087907361223784,15.263944153333146,3.363186944825886,21.74631763666428,987.1277916328074,14.206563508167962,4.70261242693554,0.23164740257961358,142748,Manhattan,financial district north,Yellow Zone
84,88,4.329623358625718,16.34619448141491,3.649397099381077,23.273922421489534,1034.095155115874,15.116132331239111,4.5066146345992015,0.2353901755511633,72881,Manhattan,financial district south,Yellow Zone
85,89,3.9818259023354576,15.207006369426752,3.1998726114649676,20.421868365180487,970.4288747346072,14.206388883378406,4.606569395801572,0.2268030300863613,471,Brooklyn,flatbush/ditmas park,Boro Zone
86,90,1.8623342471019066,9.651910238923337,2.3661002725287354,15.070750535821183,687.4105845894314,9.843606620748293,6.316509925746643,0.26181785972115995,374639,Manhattan,flatiron,Yellow Zone
87,91,4.002692307692308,15.586538461538462,3.1240384615384613,20.50865384615384,972.2115384615385,14.851761972107973,4.821200727746305,0.22630209993176814,52,Brooklyn,flatlands,Boro Zone
88,92,4.893397435897437,17.423076923076923,4.059743589743589,24.135512820512833,915.5128205128206,18.428678179303027,4.372165042086782,0.24671794747076503,156,Queens,flushing,Boro Zone
89,93,8.90117836965294,44.09967715899919,7.868950766747364,57.62991928974954,1335.3890234059725,25.122490696568544,5.252039625101605,0.1879623974174644,1239,Queens,flushing meadows-corona park,Boro Zone
90,94,3.524545454545455,13.863636363636363,2.5877272727272724,18.46318181818182,864.8181818181819,13.97828669447149,4.957197396629135,0.19745634163588865,22,Bronx,fordham south,Boro Zone
91,95,4.6698364008179984,17.500511247443765,3.41036809815951,23.63278118609396,925.2914110429448,16.903213427675514,4.7294380053581655,0.21572243359030213,978,Queens,forest hills,Boro Zone
92,96,3.7055555555555557,13.444444444444445,4.173333333333334,19.77444444444444,746.7777777777778,16.349635099590163,4.588671895722527,0.2758097454470003,9,Queens,forest park/highland park,Boro Zone
93,97,3.002764376777026,12.684967440154088,2.725948821425324,17.247504356598615,817.5210492524993,12.66491421757128,5.135894360835039,0.22739088993847734,10903,Brooklyn,fort greene,Boro Zone
94,98,6.837333333333334,22.5,4.749333333333333,29.496000000000002,1274.9333333333334,19.72762461464931,3.669912755311657,0.21511116295717764,15,Queens,fresh meadows,Boro Zone
95,99,1.645,10.0,1.225,12.025,785.0,8.388829787234043,7.5493612078977925,0.1890625,2,Staten Island,freshkills park,Boro Zone
96,100,2.0477734062341253,10.420575221238938,2.573988191195117,16.101186263430552,747.6023279409278,9.599244549643215,6.41609227622595,0.262833542222673,354820,Manhattan,garment district,Yellow Zone
97,101,6.767,20.8,4.883,28.221000000000004,851.7,25.123647006845186,4.9461735298419445,0.23963542125487053,10,Queens,glen oaks,Boro Zone
98,102,4.497999999999999,16.38,3.5004000000000004,22.493999999999996,991.12,15.706135029339189,4.233808116485436,0.2242794061559043,25,Queens,glendale,Boro Zone
99,104,8.18,25.0,5.26,31.56,1133.0,25.99117387466902,3.056234718826406,0.2104,1,Manhattan,governor's island/ellis island/liberty island,Yellow Zone
100,105,3.4383999999999997,13.98,3.0924,19.790399999999998,895.96,13.700762555209597,5.237982815388448,0.22847905209964253,25,Manhattan,governor's island/ellis island/liberty island,Yellow Zone
101,106,3.082717391304344,12.62468030690537,2.8972826086956536,17.619680306905263,786.0850383631714,13.506281170547032,5.050880302402699,0.2416829434102378,1564,Brooklyn,gowanus,Boro Zone
102,107,1.9564885122326592,9.925079023677513,2.3927361884572718,15.367885920178857,698.3621314864206,10.186852564329925,6.146944986264295,0.2545915550805094,490043,Manhattan,gramercy,Yellow Zone
103,108,3.604999999999999,15.2,3.1559999999999997,20.232000000000006,759.2,14.784967142748034,5.15914057491873,0.24020440472615734,10,Brooklyn,gravesend,Boro Zone
104,109,2.96,11.5,2.9050000000000002,15.455,670.0,15.255979314802843,4.795783926218709,0.2456186612576065,2,Staten Island,great kills,Boro Zone
105,111,3.583500000000001,14.15,3.2175,19.648,908.9,13.800204960060679,4.606158111346739,0.2314274756390317,20,Brooklyn,green-wood cemetery,Boro Zone
106,112,3.318732333115897,13.19406392694064,2.983613829093269,18.333576864536095,827.8134377038486,14.129406478270779,4.845373841024539,0.23709912247529055,4599,Brooklyn,greenpoint,Boro Zone
107,113,1.9694331761030197,10.150123348852565,2.4636817569030973,15.64836748478938,740.5061949553835,9.497488571667404,6.20669166656725,0.2579742058772322,327121,Manhattan,greenwich village north,Yellow Zone
108,114,2.2256132615197215,10.658336214670939,2.5577090692625464,16.31083114408897,751.5849127222046,10.42672837424139,5.768457689659082,0.25474579241275835,280541,Manhattan,greenwich village south,Yellow Zone
109,115,1.39,8.0,2.64,11.44,548.0,9.131386861313867,5.755395683453238,0.33,1,Staten Island,grymes hill/clifton,Boro Zone
110,116,3.272120166738553,13.167888457668536,2.650942935173219,17.707058358486666,821.112261032054,13.913181957656924,4.904348288684613,0.21395826127576478,13914,Manhattan,hamilton heights,Boro Zone
111,117,4.484444444444445,16.666666666666668,4.137777777777777,23.523333333333337,980.3333333333334,14.582599350152265,5.175149660596989,0.263122590909324,9,Queens,hammels/arverne,Boro Zone
112,118,4.752222222222223,16.666666666666668,3.7777777777777777,24.526666666666664,955.6666666666666,16.93244758355009,4.322167066861673,0.2372207409466999,9,Staten Island,heartland village/todt hill,Boro Zone
113,119,4.505370370370371,17.069444444444443,3.6660185185185186,23.042499999999997,1078.888888888889,14.461457691597852,4.740120870906766,0.22639961403973294,108,Bronx,highbridge,Boro Zone
114,120,4.076666666666666,15.277777777777779,3.343888888888889,21.273055555555555,923.2222222222222,15.983655301611403,4.527457654065918,0.2230597257006319,36,Manhattan,highbridge park,Boro Zone
115,121,6.107857142857142,19.75,4.416666666666667,27.654761904761894,1010.3571428571429,21.098830519697387,3.854719707850633,0.23881914707341836,42,Queens,hillcrest/pomonok,Boro Zone
116,122,9.125,27.25,3.28,33.53,1196.0,27.173534413867998,2.994514106583072,0.1344055944055944,2,Queens,hollis,Boro Zone
117,123,2.3099999999999996,10.372549019607844,2.46156862745098,15.423921568627451,655.5686274509804,11.156662511708232,6.277637410884343,0.2613602172868285,51,Brooklyn,homecrest,Boro Zone
118,124,5.897692307692308,28.75,6.036153846153846,37.82499999999998,1280.923076923077,18.53155221366782,5.800643834458247,0.22396276955716626,26,Queens,howard beach,Boro Zone
119,125,2.2686433913619473,10.786575193761324,2.590503420256468,16.464704868187223,757.6727967880718,10.911915041087138,5.620730778297787,0.2561252937456246,125283,Manhattan,hudson sq,Yellow Zone
120,126,4.048529411764706,16.602941176470587,3.718823529411764,22.793823529411757,1063.4117647058824,14.688751148494013,4.976021161075865,0.23617090692254752,34,Bronx,hunts point,Boro Zone
121,127,4.893355978260864,17.110054347826086,3.5278804347826043,22.609211956521666,923.8260869565217,18.122092934966894,4.553418054723261,0.2179158130996096,736,Manhattan,inwood,Boro Zone
122,128,5.43056603773585,18.9811320754717,3.6609433962264153,24.762452830188668,987.6981132075472,19.183712514579184,4.602869223985128,0.210890483750171,53,Manhattan,inwood hill park,Boro Zone
123,129,4.105649029311004,15.216216216216216,3.197875904073085,20.84314046440836,883.2124095926913,15.988981102639752,4.662987431019866,0.22294058258774466,2627,Queens,jackson heights,Boro Zone
124,130,10.021937377690799,40.345401174168295,7.014070450097849,52.27841487279844,1455.0,24.650689291791142,4.361936593137761,0.18648137135150208,511,Queens,jamaica,Boro Zone
125,131,4.838461538461538,17.602564102564102,3.7251282051282044,23.433333333333326,1062.076923076923,15.98550393381924,4.680657587972241,0.2116894784126682,39,Queens,jamaica estates,Boro Zone
126,132,9.66076604948191,29.796474155694224,5.817425652866607,36.811426149731275,1565.4918090283359,24.07725261735047,3.1638311085221082,0.19952750849726997,68429,Queens,jfk airport,Airports
127,133,3.8362820512820495,14.655448717948717,3.3593589743589733,20.409967948717988,903.1538461538462,14.750574274556444,4.659559248309008,0.22875696075065394,312,Brooklyn,kensington,Boro Zone
128,134,5.783450881612087,28.751889168765743,5.430201511335014,37.78322418136019,907.4836272040302,22.511383928007533,5.614649983973478,0.2115761190726052,397,Queens,kew gardens,Boro Zone
129,135,4.306627906976744,16.50581395348837,3.2641860465116284,22.138255813953478,802.0116279069767,18.430155689865657,4.607462028829176,0.22013256279394203,86,Queens,kew gardens hills,Boro Zone
130,136,4.844200000000001,17.47,3.398,22.653599999999987,1032.56,16.897451108862104,4.263986119089891,0.1983242021073437,50,Bronx,kingsbridge heights,Boro Zone
131,137,2.0079597810461824,9.748824744827475,2.3283707399501896,15.08990770140803,660.5081587135061,11.342466451536518,5.921405620540423,0.25310090638640015,249733,Manhattan,kips bay,Yellow Zone
132,138,9.145829320939875,29.306155418192525,6.999791745181487,42.888749725415984,1655.4003962343627,21.184762160760755,3.26429750872057,0.2401827789822108,496171,Queens,laguardia airport,Airports
133,139,6.836666666666668,22.055555555555557,4.154444444444445,27.826666666666668,1112.4444444444443,21.131204842302274,4.3820496652794345,0.19752131041261478,9,Queens,laurelton,Boro Zone
134,140,2.1937261330234405,10.468925230706132,2.443708742907531,15.854378836527285,706.5397224690682,11.453869080167763,5.846675683266016,0.25023429940377867,365725,Manhattan,lenox hill east,Yellow Zone
135,141,1.810720379323516,9.114431387320563,2.2026236195503746,14.247758146066197,611.359821265957,11.198608487425915,6.146867552006614,0.25900886848906346,483176,Manhattan,lenox hill west,Yellow Zone
136,142,1.9646356269343812,9.856857083968567,2.4217953491117434,15.277700728241998,688.7899117325674,10.46270590661497,5.933966174272896,0.25986573607747887,611324,Manhattan,lincoln square east,Yellow Zone
137,143,1.9056022904144923,9.709766366344398,2.2947687843653553,14.91808594335766,676.8704997378784,10.58055943075611,6.018183602276733,0.25304438262543305,246069,Manhattan,lincoln square west,Yellow Zone
138,144,2.3202064345092412,11.14612511431478,2.6203893895333183,16.86795887749365,800.0862883917837,10.24428337132722,5.770495799239137,0.24968420952698864,194638,Manhattan,little italy/nolita,Yellow Zone
139,145,3.173171682182288,16.010012989824638,3.3371855379952335,22.110917947607145,822.3199826802338,14.069936012501111,5.713585102437176,0.22922509282993062,9238,Queens,long island city/hunters point,Boro Zone
140,146,2.7601871120847004,11.844815626140928,2.6556124497992095,16.64803760496492,772.6872946330777,13.555259146312373,4.8117578417313664,0.23577313845726525,10956,Queens,long island city/queens plaza,Boro Zone
141,147,3.49,14.85897435897436,3.153589743589743,19.729230769230764,1025.5128205128206,12.537232727717678,5.42987355533666,0.22815828507282276,39,Bronx,longwood,Boro Zone
142,148,2.6819823183250358,11.697217020574968,2.7073026809093665,17.5233736509837,774.5333631691968,12.075528654825476,5.315139258273768,0.24564284442983056,254727,Manhattan,lower east side,Yellow Zone
143,149,3.741785714285714,15.125,3.0671428571428576,20.224999999999998,1028.1785714285713,12.854965145054175,4.715951948168891,0.21366577503992978,28,Brooklyn,madison,Boro Zone
144,150,4.835384615384616,17.846153846153847,3.4015384615384616,23.29461538461538,857.0,17.906203380078672,5.02389905041605,0.19936970651680982,13,Brooklyn,manhattan beach,Boro Zone
145,151,2.116896210571312,10.023215976060337,2.3193105743687963,14.7012318544089,662.9506488747749,11.663040654854804,5.647923859270878,0.24509222507890294,163745,Manhattan,manhattan valley,Yellow Zone
146,152,2.723919732985992,11.575464018235103,2.5044757408010536,15.977937968087982,721.0946760013026,13.27890728924298,5.145345049278063,0.22632432833370608,12284,Manhattan,manhattanville,Boro Zone
147,153,3.510303030303031,13.590909090909092,2.70469696969697,18.235151515151504,817.7272727272727,14.543023519586441,4.885624387699649,0.21583168195932198,66,Manhattan,marble hill,Boro Zone
148,154,3.483333333333334,15.75,3.286666666666667,21.078333333333337,1072.5,17.546184899846313,4.859115979131347,0.20839763358414262,6,Brooklyn,marine park/floyd bennett field,Boro Zone
149,155,3.7979999999999996,14.742857142857142,2.670571428571428,18.82657142857143,931.5142857142857,13.80974507477373,4.968708174701721,0.1896800507914865,35,Brooklyn,marine park/mill basin,Boro Zone
150,156,2.301,10.1,2.128,13.727999999999998,624.0,13.840225599946695,4.888889122817402,0.21994731881271107,10,Staten Island,mariners harbor,Boro Zone
151,157,6.367230769230774,41.58461538461538,7.409435897435896,54.66435897435897,1161.3794871794871,21.37797045308576,6.912247221160985,0.18845148899455408,390,Queens,maspeth,Boro Zone
152,158,2.307363944216535,11.101876875108916,2.609023506859848,16.788423377795777,798.0444233024524,10.506311679477973,5.583443862606914,0.24819202390008657,212321,Manhattan,meatpacking/west village west,Yellow Zone
153,159,3.4053694581280793,14.300492610837438,2.7409852216748756,18.914384236453216,981.7389162561576,12.29975379016958,5.153561648544347,0.20326774153592828,203,Bronx,melrose south,Boro Zone
154,160,6.83112359550562,27.578651685393258,5.857078651685391,38.04516853932583,1175.7640449438202,21.605280034732345,4.184342022769568,0.23344852960319823,89,Queens,middle village,Boro Zone
155,161,2.1175938418547253,10.792554456433665,2.6584745307618727,16.634112289488396,787.7694889518845,9.313089038135844,6.43258801457391,0.259162659386127,841682,Manhattan,midtown center,Yellow Zone
156,162,2.1466385062167714,10.618144389855471,2.6264583149022553,16.424747570856518,751.9451996689966,10.15601406702092,6.192549835272206,0.26061763624748974,768572,Manhattan,midtown east,Yellow Zone
157,163,2.1049579724959346,10.757594653499723,2.6340547765547075,16.51165797439421,782.7647424151832,9.541116469771643,6.312885797252419,0.25822420850282174,518470,Manhattan,midtown north,Yellow Zone
158,164,2.0609988600095597,10.25353351765692,2.506562379455429,15.94227625260798,723.4620301310881,9.933168614931503,6.261413454900265,0.259057765453466,464039,Manhattan,midtown south,Yellow Zone
159,165,4.1654430379746845,15.879746835443038,3.038734177215191,21.578987341772145,1019.2405063291139,14.009745077461128,4.616691227014866,0.2012292123617459,79,Brooklyn,midwood,Boro Zone
160,166,2.5124038821530266,11.37942382090641,2.5782570630417143,16.218114122251432,763.8019372366059,11.958341965084545,5.335548656312527,0.23591391777072065,104169,Manhattan,morningside heights,Boro Zone
161,167,3.872133333333335,15.52,2.985866666666667,20.51759999999999,1048.6666666666667,11.953733889957572,5.3562163415977695,0.2187922238251285,75,Bronx,morrisania/melrose,Boro Zone
162,168,3.592793791574284,14.402993348115299,2.97711751662971,19.757572062084137,942.5820399113082,13.995060612393187,4.879996986693552,0.21750202376575678,902,Bronx,mott haven/port morris,Boro Zone
163,169,3.08,12.88679245283019,2.8033962264150936,17.100566037735838,824.566037735849,12.452778526656747,5.178392813943491,0.2237674473563389,53,Bronx,mount hope,Boro Zone
164,170,1.9946660298971357,10.115972354882548,2.4796265579509034,15.70258390215691,714.8049869928169,10.02686808616486,6.3244997154990035,0.25816334396241625,643875,Manhattan,murray hill,Yellow Zone
165,171,5.029090909090909,17.59090909090909,3.5850000000000004,23.237272727272728,1059.2272727272727,16.29351158572053,4.2046609834446835,0.21506466137076974,22,Queens,murray hill-queens,Boro Zone
166,172,6.2,21.5,4.125,26.425,1488.0,14.837966360407433,3.4857142857142858,0.18865546218487395,2,Staten Island,new dorp/midland beach,Boro Zone
167,173,3.5903846153846164,13.878205128205128,2.9669230769230763,18.680897435897432,838.2948717948718,14.98973917292944,4.9318771523029925,0.2372070134333419,78,Queens,north corona,Boro Zone
168,174,4.826666666666666,17.770833333333332,3.4025,22.677500000000006,1118.2916666666667,15.515462556628824,4.196311238365077,0.1968958600909058,24,Bronx,norwood,Boro Zone
169,175,7.845000000000001,25.375,5.295000000000001,34.1925,1344.125,19.92308728913778,3.7293735029008914,0.21121221038322827,8,Queens,oakland gardens,Boro Zone
170,176,1.27,6.5,1.0,10.8,418.0,10.937799043062201,5.118110236220472,0.15384615384615385,1,Staten Island,oakwood,Boro Zone
171,177,4.770952380952381,19.452380952380953,3.870119047619047,25.651904761904742,1124.3809523809523,14.904140848937194,4.528662540513013,0.21545062199702625,84,Brooklyn,ocean hill,Boro Zone
172,178,3.7525,14.9,2.780499999999999,19.203000000000003,952.4,13.256375559620619,5.167408181858429,0.21969258136959974,20,Brooklyn,ocean parkway south,Boro Zone
173,179,2.9658504915600084,12.280281951400482,2.6899851604526006,16.844305323688097,786.7751808569839,13.843925720347883,4.86289996269927,0.23029477535900092,5391,Queens,old astoria,Boro Zone
174,180,6.690857142857143,29.714285714285715,4.936571428571429,38.257142857142846,1277.5142857142857,19.65225074110952,4.822216215176453,0.19323035050039686,35,Queens,ozone park,Boro Zone
175,181,3.0698522692659034,12.816935729515686,2.888515839171522,17.52118260737051,836.5431769722815,12.493044565332262,5.15685055381212,0.23762337106037115,13132,Brooklyn,park slope,Boro Zone
176,182,3.294166666666667,13.244791666666666,2.7794791666666665,18.060208333333325,843.5625,14.125343705267367,4.890373875381034,0.23271929636213676,96,Bronx,parkchester,Boro Zone
177,183,4.743846153846154,16.807692307692307,3.2346153846153842,22.594615384615388,949.6153846153846,17.0857097781163,4.567066612663435,0.24245704488712855,13,Bronx,pelham bay,Boro Zone
178,185,6.525833333333334,21.666666666666668,4.545,27.84583333333333,1220.2916666666667,18.827799341169,3.7839261091082625,0.2074661346077261,24,Bronx,pelham parkway,Boro Zone
179,186,2.0842806003485785,11.168369490578995,2.7532833244054253,16.95879278315767,854.0392580910484,8.983338348884494,6.411224745251438,0.2588743505976913,662615,Manhattan,penn station/madison sq west,Yellow Zone
180,187,1.045,6.375,1.23,8.780000000000001,381.0,10.323686647851567,6.673512506593987,0.19436813186813184,4,Staten Island,port richmond,Boro Zone
181,188,3.8067038216560496,15.248407643312103,3.1593789808917148,20.182149681528628,1016.8487261146497,13.19877576169357,4.732390470095178,0.2199842781468583,628,Brooklyn,prospect-lefferts gardens,Boro Zone
182,189,2.932974427994619,12.578061911170929,2.8133647375504696,17.138115746971813,837.2405787348587,11.938592381643533,5.2603941061768325,0.2375319957068105,2972,Brooklyn,prospect heights,Boro Zone
183,190,3.737507987220447,15.333067092651758,3.3722843450479205,20.594616613418502,1064.1485623003196,12.471331522229036,4.709667165905568,0.2274775002889089,626,Brooklyn,prospect park,Boro Zone
184,191,3.778260869565217,13.5,2.3578260869565217,17.617391304347827,679.9130434782609,18.330204302781592,4.211524690729869,0.16018449965100184,23,Queens,queens village,Boro Zone
185,192,5.918918918918919,19.58108108108108,4.264594594594595,26.90189189189189,1036.3783783783783,19.788213528947033,3.91847973633467,0.2250143491558231,37,Queens,queensboro hill,Boro Zone
186,193,2.451503558718862,10.806049822064058,2.356933570581249,15.244626334519726,687.5652431791221,13.338390376504416,5.323089180180106,0.23258755220526528,3372,Queens,queensbridge/ravenswood,Boro Zone
187,194,4.7764008620689715,38.76293103448276,7.744784482758632,53.27355603448278,984.1702586206897,18.883024432658285,9.314642229730865,0.2185997475878547,464,Manhattan,randalls island,Yellow Zone
188,195,4.305173116089612,16.883910386965375,3.7080040733197537,23.7917311608961,1034.7270875763747,14.735009628643203,4.600372545938065,0.2331216038275796,491,Brooklyn,red hook,Boro Zone
189,196,5.243277777777779,23.605555555555554,4.550592592592594,31.439666666666575,1013.2166666666667,18.47974749882187,4.911455872804946,0.21349902281325767,540,Queens,rego park,Boro Zone
190,197,5.713707865168536,33.630337078651685,6.415617977528092,43.977134831460724,806.6966292134831,27.549285987549666,6.872965961057885,0.2007555120224894,178,Queens,richmond hill,Boro Zone
191,198,4.621472081218276,16.903553299492387,3.6832487309644666,22.859644670050788,1066.8578680203045,14.97315833645239,4.195564794059269,0.22530684574983245,197,Queens,ridgewood,Boro Zone
192,199,4.97,19.166666666666668,2.8699999999999997,25.59,1334.6666666666667,13.567495886264796,4.539053922949628,0.12076054664289959,3,Bronx,rikers island,Boro Zone
193,200,5.870392156862744,19.431372549019606,4.476470588235292,26.88941176470588,1038.2156862745098,19.960708364792414,3.873407785325884,0.24467612705437658,51,Bronx,riverdale/north riverdale/fieldston,Boro Zone
194,201,6.995,24.75,5.6625000000000005,35.438750000000006,1555.25,17.716653620059443,3.817220971645798,0.27548111935133396,8,Queens,rockaway park,Boro Zone
195,202,2.920817051509772,12.428063943161634,2.8008525754884555,17.934333925399645,802.7939609236234,13.077324456139165,5.300370642550167,0.2463303201635271,563,Manhattan,roosevelt island,Boro Zone
196,203,5.300909090909092,17.272727272727273,2.9154545454545455,21.74727272727273,840.0,20.381581009142835,4.217810068720778,0.21664063067504868,11,Queens,rosedale,Boro Zone
197,204,3.1,11.0,2.45,14.75,432.0,25.833333333333336,3.5483870967741935,0.22272727272727275,1,Staten Island,rossville/woodrow,Boro Zone
198,205,8.2,26.27777777777778,4.567777777777778,33.51,1469.6666666666667,19.193741676756726,3.4716143908162613,0.2444063664399805,9,Queens,saint albans,Boro Zone
199,206,3.6127777777777776,14.277777777777779,2.7666666666666666,19.369444444444447,944.8333333333334,12.530212066904731,5.093607737200848,0.2204385789108011,18,Staten Island,saint george/new brighton,Boro Zone
200,207,6.015737704918035,22.483606557377048,5.46737704918033,32.52497267759565,1197.8469945355191,18.693998076918025,4.4149204989449435,0.25859366390806365,183,Queens,saint michaels cemetery/woodside,Boro Zone
201,208,6.895882352941177,24.91176470588235,5.648823529411764,34.779999999999994,1340.4705882352941,20.48578422633124,3.914304239178093,0.2583241553884138,17,Bronx,schuylerville/edgewater park,Boro Zone
202,209,3.539038734125952,14.101188926494837,3.1688099163992063,20.346412103331332,901.4664294599207,13.995046240507708,4.911083981664218,0.23939280644963673,34569,Manhattan,seaport,Yellow Zone
203,210,2.6746666666666665,11.7,2.7475555555555555,16.69866666666666,754.8444444444444,12.193169383939168,5.490630386725617,0.24961682712767164,45,Brooklyn,sheepshead bay,Boro Zone
204,211,2.2193105386359013,10.873904477206333,2.570297512800385,16.51797552946044,788.9470813852225,10.071936906624977,5.823448465050266,0.25084237369539786,161909,Manhattan,soho,Yellow Zone
205,212,3.889393939393941,14.598484848484848,3.2640909090909087,20.053484848484832,893.4848484848485,14.953989025332987,4.728188165273849,0.24013398082912735,66,Bronx,soundview/bruckner,Boro Zone
206,213,5.092586206896552,18.46551724137931,3.5684482758620693,25.089827586206905,1133.8793103448277,15.008896773882535,4.8181424322969795,0.21456069865353136,58,Bronx,soundview/castle hill,Boro Zone
207,214,4.247142857142857,14.857142857142858,3.758571428571429,21.167142857142856,804.5714285714286,16.947486691026274,4.822941760408539,0.2598508118532128,7,Staten Island,south beach/dongan hills,Boro Zone
208,215,11.84111111111111,47.01633986928105,8.090588235294113,61.0568300653595,1703.2091503267975,25.993729565273014,4.1058943576134475,0.17910527419637928,306,Queens,south jamaica,Boro Zone
209,216,5.3505106382978695,36.54893617021276,7.131361702127661,47.19910638297878,893.0127659574468,28.047645303847744,8.960497790301664,0.20535431487195094,235,Queens,south ozone park,Boro Zone
210,217,2.6155851063829796,12.415780141843971,2.481223404255321,16.530070921985825,731.6099290780141,12.552405347059551,5.763714165201698,0.2055602582702436,564,Brooklyn,south williamsburg,Boro Zone
211,218,5.091666666666666,17.75,3.7433333333333336,23.280833333333334,1016.0,18.20988090658068,3.9039434208501986,0.23082827362083166,12,Queens,springfield gardens north,Boro Zone
212,219,8.519113924050632,28.173417721518984,5.779620253164559,35.316582278481,1495.7848101265822,22.496273972315365,3.606105721567853,0.21089462140891665,79,Queens,springfield gardens south,Boro Zone
213,220,4.279999999999998,15.597457627118644,3.0890677966101703,20.82152542372881,908.8983050847457,15.61904436828599,4.707882635858549,0.22084025665299448,118,Bronx,spuyten duyvil/kingsbridge,Boro Zone
214,221,2.242,6.840000000000001,1.564,10.604000000000001,352.4,17.83820675114025,6.05717787653905,0.308232067150377,5,Staten Island,stapleton,Boro Zone
215,222,4.805714285714286,19.285714285714285,2.6157142857142857,24.458571428571428,1418.142857142857,14.197923235670828,4.1789384862473655,0.17032128329715576,7,Brooklyn,starrett city,Boro Zone
216,223,4.516174428104571,19.949466911764706,4.411380718954231,28.089446486928274,939.7377450980392,17.20017130526555,5.166366276563947,0.23867123871980947,4896,Queens,steinway,Boro Zone
217,224,2.246320923801729,10.577388877509218,2.483049467431455,16.018928973781236,709.8131401065137,11.584401233288402,5.612671570660814,0.2460540055624278,39056,Manhattan,stuy town/peter cooper village,Yellow Zone
218,225,3.327911646586345,13.555220883534137,2.919437751004016,18.359297188755043,916.5763052208836,12.681791320822171,4.846749414751481,0.22854365723813808,498,Brooklyn,stuyvesant heights,Boro Zone
219,226,3.613815386619753,16.617282261741906,3.472915770959545,22.475717542829205,982.3488372093024,13.530509852889205,5.149797649470679,0.22384325113988188,15351,Queens,sunnyside,Boro Zone
220,227,4.341500000000001,16.408333333333335,3.372666666666667,22.193999999999992,1082.55,13.785546576594673,4.734130589457696,0.2186041280847136,60,Brooklyn,sunset park east,Boro Zone
221,228,3.610674931129475,14.681129476584022,3.2522314049586782,20.167603305785075,907.8002754820936,14.098630549138273,4.790483021979784,0.23402402398331956,726,Brooklyn,sunset park west,Boro Zone
222,229,1.9840810484377203,9.765663325595014,2.3755849751114835,15.141633726494906,672.0400065880286,11.031530917262351,6.0222624854899385,0.258175204851364,382512,Manhattan,sutton place/turtle bay north,Yellow Zone
223,230,2.376537329684783,11.389586052875519,2.8385202727597427,17.473976520946838,811.4963365544564,10.0215585496261,6.127297745540404,0.2650984256000153,630008,Manhattan,times sq/theatre district,Yellow Zone
224,231,2.7195743855915175,12.010370795929225,2.777505575240028,17.851412120598056,821.0101259947701,11.718819932749552,5.421377716672254,0.24833234148831737,353348,Manhattan,tribeca/civic center,Yellow Zone
225,232,2.914785763915708,12.516559870300316,2.8779483517332727,18.527295993203854,826.369451092411,12.50993175404705,5.240011158469197,0.24424164626307932,25906,Manhattan,two bridges/seward park,Yellow Zone
226,233,2.187122309674678,10.542766594692484,2.5407917546994345,16.259986069493273,730.6007638550301,10.938095506763899,6.043993963883649,0.2532616745783773,258426,Manhattan,un/turtle bay south,Yellow Zone
227,234,1.9385345621851016,10.092690685663298,2.446154330192754,15.626926446196238,736.5249447045727,9.396785375071524,6.2749387586378615,0.25644486469788386,688122,Manhattan,union sq,Yellow Zone
228,235,3.645568181818183,14.5,2.9020454545454544,19.326363636363627,917.1590909090909,14.811465432364285,5.012476578570901,0.218267656386898,88,Bronx,university heights/morris heights,Boro Zone
229,236,1.7928074966888938,9.319055801830023,2.2473127914229503,14.4720761643582,642.9492056388453,10.406097021683204,6.27289979427836,0.25775552747446767,826765,Manhattan,upper east side north,Yellow Zone
230,237,1.6645521522191347,8.997699589930969,2.2264905763668046,14.184920360555642,627.8498791781777,9.946122630292079,6.502364153069412,0.2625247357058744,854978,Manhattan,upper east side south,Yellow Zone
231,238,1.969249821333406,9.663059361515584,2.3057802020216918,14.775756969195601,648.4146563093253,11.371013838249242,5.765253060287132,0.25509557694733215,407183,Manhattan,upper west side north,Yellow Zone
232,239,1.9091360411082228,9.506938866370474,2.336090879578746,14.793187222285171,641.9078181666404,11.096446658864206,5.8973668464528775,0.2624273857554896,539065,Manhattan,upper west side south,Yellow Zone
233,240,3.518888888888889,13.88888888888889,2.9122222222222223,18.301111111111116,867.8888888888889,13.589601653692922,4.82805447976523,0.22840225563909775,9,Bronx,van cortlandt park,Boro Zone
234,241,2.760175438596491,12.443859649122807,2.797017543859649,17.860350877192975,732.0701754385965,13.29559799357054,5.891288754966112,0.24903332728771202,57,Bronx,van cortlandt village,Boro Zone
235,242,4.357419354838709,16.411290322580644,3.160322580645161,21.778225806451612,1051.274193548387,13.929909052681188,4.980692078555654,0.21327244118157024,62,Bronx,van nest/morris park,Boro Zone
236,243,4.447546490701862,16.124475104979005,3.44610677864427,21.664961007798407,919.0725854829034,16.506440168923245,4.71006963316118,0.2246804775479527,1667,Manhattan,washington heights north,Boro Zone
237,244,4.164402866842698,15.705205582798945,3.1746133534515573,20.889085628063462,949.4070162202943,15.532013632383682,4.587408067667056,0.2127599197645425,13255,Manhattan,washington heights south,Boro Zone
238,245,2.9642857142857144,12.285714285714286,3.0371428571428574,17.408571428571427,833.1428571428571,12.946895814459182,4.793447223350857,0.2536925962925963,7,Staten Island,west brighton,Boro Zone
239,246,2.211331905542648,11.091885086612757,2.6248819903110983,16.849518167110563,805.0957497915653,10.231193431527323,5.912652338834594,0.2502616331577374,322643,Manhattan,west chelsea/hudson yards,Yellow Zone
240,247,3.844212034383955,14.934383954154729,3.0784670487106,20.17558739255007,958.0974212034384,14.095374733438462,4.877460999976914,0.21697235881929,698,Bronx,west concourse,Boro Zone
241,248,3.1513793103448275,13.379310344827585,2.6860344827586213,17.23620689655172,847.6551724137931,13.780856950049394,5.8469869850695595,0.20560314857306408,58,Bronx,west farms/bronx river,Boro Zone
242,249,2.1183574611154126,10.320999563997884,2.495062660732051,15.881305278391045,729.6744742910303,10.452798371469854,5.8610704978957795,0.25716291563429144,428897,Manhattan,west village,Yellow Zone
243,250,3.7235714285714288,13.928571428571429,2.662619047619048,18.982619047619043,834.8333333333334,15.009816697150624,4.770896378659136,0.206481746856215,42,Bronx,westchester village/unionport,Boro Zone
244,251,3.246,13.2,3.1079999999999997,17.658,889.4,11.110152523022595,5.460976312552044,0.22721474433719013,10,Staten Island,westerleigh,Boro Zone
245,252,6.8500000000000005,26.608695652173914,6.208260869565218,40.15999999999999,906.2173913043479,26.758277034996798,4.11185296867901,0.2603006539198859,23,Queens,whitestone,Boro Zone
246,253,8.242857142857144,41.42857142857143,5.5600000000000005,51.50857142857143,1172.857142857143,25.40494494337184,5.062138061603099,0.1765201465201465,7,Queens,willets point,Boro Zone
247,254,4.136875000000001,14.59375,2.57,18.395000000000003,783.3125,17.97018495511663,4.481659897414304,0.21141470133150297,16,Bronx,williamsbridge/olinville,Boro Zone
248,255,3.17429006228766,13.133387599093998,2.9051812004530198,18.107754105321767,877.4762174405436,12.80838463931415,5.027815305204973,0.2331711838357529,14128,Brooklyn,williamsburg (north side),Boro Zone
249,256,3.070769458128069,13.065812807881773,2.868510344827595,18.09113793103404,851.3789162561576,13.045013568785075,5.000604949688535,0.23121947498804538,10150,Brooklyn,williamsburg (south side),Boro Zone
250,257,4.131278688524588,15.178688524590164,3.4588196721311486,21.29540983606559,902.5311475409836,16.283811695849543,4.397168187760122,0.23973438834942443,305,Brooklyn,windsor terrace,Boro Zone
251,258,4.843333333333331,17.318181818181817,3.778787878787879,23.15,1005.8484848484849,16.681429214379882,4.308101214547779,0.2420756159651702,33,Queens,woodhaven,Boro Zone
252,259,4.968571428571429,16.714285714285715,3.374285714285714,22.231428571428573,862.1428571428571,21.803857851422826,4.253020747679675,0.2157527071647372,7,Bronx,woodlawn/wakefield,Boro Zone
253,260,4.075683992759238,17.869619860356867,3.482764416860605,24.03281355055651,983.1078355314197,14.950111463834993,4.92873744852744,0.21390671918905602,3867,Queens,woodside,Boro Zone
254,261,3.5887494420947648,14.857994516588382,3.391221015493721,21.399921999541185,1016.1197636607086,12.55525572533687,5.029590134220895,0.242294531649013,94102,Manhattan,world trade center,Yellow Zone
255,262,2.175847365291248,10.08587757773618,2.3557896942436254,15.378707849231132,656.0716038936937,11.890492107757455,5.735985824254274,0.24956133318846266,250559,Manhattan,yorkville east,Yellow Zone
256,263,2.004197634678931,9.397464184596869,2.2510736520523063,14.589928407738922,606.3347322620214,12.080538529856081,5.881032059186286,0.2598340350509097,388869,Manhattan,yorkville west,Yellow Zone
