,BORO,PRECINCT,STATISTICAL_MURDER_FLAG,Latitude,Longitude,Lon_Lat,datetime,year,month,day,time,day_of_week_name
21628,MANHATTAN,25,False,40.83855091,-73.90939937,POINT (-73.90939937399997 40.83855090900005),2020-03-20 20:19:00+00:00,2020,3,20,20:19:00,Friday
21633,MANHATTAN,32,False,40.6449815,-74.0773213,POINT (-74.07732129999994 40.644981504000036),2020-04-25 00:55:00+00:00,2020,4,25,00:55:00,Saturday
21638,QUEENS,110,False,40.67423304,-73.9319992,POINT (-73.93199920199999 40.67423304000005),2020-04-06 15:00:00+00:00,2020,4,6,15:00:00,Monday
21641,QUEENS,115,True,40.70336621,-73.81483668,POINT (-73.81483667599997 40.703366206000055),2020-01-13 03:51:00+00:00,2020,1,13,03:51:00,Monday
21644,MANHATTAN,32,True,40.81592955,-73.94516736,POINT (-73.94516735699995 40.815929553000046),2020-04-25 00:55:00+00:00,2020,4,25,00:55:00,Saturday
21650,BROOKLYN,79,False,40.65272465,-73.93150216,POINT (-73.93150216299993 40.65272464900005),2020-03-21 23:57:00+00:00,2020,3,21,23:57:00,Saturday
21652,BRONX,47,False,40.64886713,-73.9508219,POINT (-73.95082189999994 40.64886713300007),2020-04-30 23:20:00+00:00,2020,4,30,23:20:00,Thursday
21656,BRONX,50,False,40.6760516,-73.93461109,POINT (-73.93461108799994 40.676051596000036),2020-02-01 05:09:00+00:00,2020,2,1,05:09:00,Saturday
21659,BROOKLYN,73,False,40.80038048,-73.95078943,POINT (-73.95078943299995 40.80038048100005),2020-03-15 07:05:00+00:00,2020,3,15,07:05:00,Sunday
21664,MANHATTAN,32,False,40.7867319,-73.94113247,POINT (-73.94113246799998 40.78673189800003),2020-03-14 21:45:00+00:00,2020,3,14,21:45:00,Saturday
21669,STATEN ISLAND,120,True,40.65106272,-73.92929834,POINT (-73.92929833799997 40.65106272200006),2020-03-12 20:46:00+00:00,2020,3,12,20:46:00,Thursday
21673,MANHATTAN,23,False,40.6708006,-73.8747068,POINT (-73.87470680099993 40.67080060200004),2020-04-11 19:48:00+00:00,2020,4,11,19:48:00,Saturday
21692,BRONX,47,False,40.65843374,-73.90447556,POINT (-73.90447555999998 40.65843374200006),2020-01-25 03:39:00+00:00,2020,1,25,03:39:00,Saturday
21697,QUEENS,104,False,40.87755443,-73.87293947,POINT (-73.87293947099994 40.877554428000046),2020-03-27 19:35:00+00:00,2020,3,27,19:35:00,Friday
21706,STATEN ISLAND,120,False,40.66970365,-73.92250873,POINT (-73.92250873499995 40.66970364700006),2020-02-24 16:55:00+00:00,2020,2,24,16:55:00,Monday
21707,BRONX,48,True,40.62444157,-73.93486338,POINT (-73.93486338199995 40.62444156600003),2020-04-18 00:57:00+00:00,2020,4,18,00:57:00,Saturday
21715,BRONX,46,False,40.84179934,-73.91488483,POINT (-73.91488483099994 40.841799335000076),2020-03-21 01:08:00+00:00,2020,3,21,01:08:00,Saturday
21757,BROOKLYN,75,False,40.85395,-73.9146777,POINT (-73.91467769899998 40.85395000000005),2020-04-20 15:08:00+00:00,2020,4,20,15:08:00,Monday
21759,BROOKLYN,75,False,40.64455468,-73.88769971,POINT (-73.88769970999994 40.64455467700003),2020-04-07 17:05:00+00:00,2020,4,7,17:05:00,Tuesday
21761,BROOKLYN,67,False,40.86413609,-73.91918021,POINT (-73.91918020999998 40.86413608500004),2020-04-29 13:40:00+00:00,2020,4,29,13:40:00,Wednesday
21764,MANHATTAN,30,False,40.67132944,-73.92809805,POINT (-73.92809805199995 40.67132944000008),2020-01-23 14:00:00+00:00,2020,1,23,14:00:00,Thursday
21765,BROOKLYN,73,True,40.89926252,-73.85032983,POINT (-73.850329833 40.89926251900005),2020-01-25 04:58:00+00:00,2020,1,25,04:58:00,Saturday
21774,BRONX,43,False,40.7982799,-73.93277182,POINT (-73.93277182499997 40.79827989900008),2020-04-24 02:53:00+00:00,2020,4,24,02:53:00,Friday
21784,BRONX,40,True,40.75890302,-73.86119261,POINT (-73.86119261 40.75890301700008),2020-02-09 02:27:00+00:00,2020,2,9,02:27:00,Sunday
21794,BROOKLYN,88,False,40.79409373,-73.93681016,POINT (-73.936810155 40.79409372500004),2020-01-04 05:19:00+00:00,2020,1,4,05:19:00,Saturday
21806,QUEENS,113,False,40.65068335,-73.96331129,POINT (-73.96331128799993 40.650683352000044),2020-02-27 22:00:00+00:00,2020,2,27,22:00:00,Thursday
21812,QUEENS,115,False,40.68136029,-73.79326866,POINT (-73.79326865999997 40.68136029300007),2020-01-13 03:51:00+00:00,2020,1,13,03:51:00,Monday
21813,MANHATTAN,7,False,40.85820487,-73.87097732,POINT (-73.87097732199999 40.85820486800003),2020-03-21 00:13:00+00:00,2020,3,21,00:13:00,Saturday
21820,QUEENS,115,False,40.84460258,-73.88166226,POINT (-73.88166226199996 40.84460257800004),2020-01-13 03:51:00+00:00,2020,1,13,03:51:00,Monday
21823,MANHATTAN,7,False,40.68477233,-73.77441861,POINT (-73.77441861399996 40.68477232800007),2020-03-21 00:13:00+00:00,2020,3,21,00:13:00,Saturday
21824,QUEENS,115,True,40.83722495,-73.88729499,POINT (-73.88729499199997 40.83722494500006),2020-01-13 03:51:00+00:00,2020,1,13,03:51:00,Monday
21825,BROOKLYN,67,False,40.68830009,-73.8148064,POINT (-73.81480639599995 40.68830009000004),2020-04-05 03:19:00+00:00,2020,4,5,03:19:00,Sunday
21830,BRONX,41,False,40.83593961,-73.88646599,POINT (-73.88646598899999 40.83593960600007),2020-02-08 20:28:00+00:00,2020,2,8,20:28:00,Saturday
21832,BRONX,47,False,40.71265806,-73.76828948,POINT (-73.76828947799999 40.71265806200007),2020-03-27 00:40:00+00:00,2020,3,27,00:40:00,Friday
21835,MANHATTAN,30,False,40.64032011,-73.93979151,POINT (-73.93979151099995 40.640320114000076),2020-01-10 03:38:00+00:00,2020,1,10,03:38:00,Friday
21840,QUEENS,105,False,40.80958414,-73.91805075,POINT (-73.91805074799998 40.80958413800005),2020-04-22 20:35:00+00:00,2020,4,22,20:35:00,Wednesday
21846,BRONX,41,False,40.87202025,-73.84121066,POINT (-73.84121066399997 40.87202025100004),2020-04-26 02:25:00+00:00,2020,4,26,02:25:00,Sunday
21848,BROOKLYN,75,False,40.81756739,-73.938233,POINT (-73.93823299699994 40.817567390000086),2020-01-07 17:10:00+00:00,2020,1,7,17:10:00,Tuesday
21857,MANHATTAN,32,False,40.86402732,-73.89340651,POINT (-73.89340651099997 40.86402732400006),2020-01-26 17:30:00+00:00,2020,1,26,17:30:00,Sunday
21865,BRONX,40,True,40.65068335,-73.96331129,POINT (-73.96331128799993 40.650683352000044),2020-02-14 18:36:00+00:00,2020,2,14,18:36:00,Friday
21871,BROOKLYN,67,False,40.67317201,-73.93904085,POINT (-73.93904085499999 40.67317201400005),2020-04-05 03:19:00+00:00,2020,4,5,03:19:00,Sunday
21875,BRONX,52,False,40.70723982,-73.79272673,POINT (-73.79272672599996 40.707239816000026),2020-01-22 12:45:00+00:00,2020,1,22,12:45:00,Wednesday
21878,QUEENS,101,False,40.65290209,-73.89402854,POINT (-73.89402853999997 40.65290208700002),2020-04-08 21:12:00+00:00,2020,4,8,21:12:00,Wednesday
21879,BRONX,42,False,40.68137346,-73.92107463,POINT (-73.92107462999998 40.68137346100008),2020-03-15 12:54:00+00:00,2020,3,15,12:54:00,Sunday
21889,BROOKLYN,69,False,40.87755443,-73.87293947,POINT (-73.87293947099994 40.877554428000046),2020-03-30 01:20:00+00:00,2020,3,30,01:20:00,Monday
21896,MANHATTAN,32,True,40.72642184,-73.73584631,POINT (-73.73584631499993 40.726421843000026),2020-04-25 00:55:00+00:00,2020,4,25,00:55:00,Saturday
21912,QUEENS,115,True,40.80209197,-73.93700122,POINT (-73.93700122199994 40.802091971000046),2020-01-13 03:51:00+00:00,2020,1,13,03:51:00,Monday
21946,MANHATTAN,25,False,40.86905853,-73.87963015,POINT (-73.87963014799993 40.86905853200005),2020-02-02 02:32:00+00:00,2020,2,2,02:32:00,Sunday
21954,QUEENS,103,False,40.82514498,-73.8896496,POINT (-73.88964960399994 40.82514498300003),2020-01-04 03:46:00+00:00,2020,1,4,03:46:00,Saturday
21969,BROOKLYN,79,False,40.72906475,-73.81102013,POINT (-73.81102013199995 40.72906475000008),2020-01-05 14:25:00+00:00,2020,1,5,14:25:00,Sunday
21975,BROOKLYN,79,False,40.83732351,-73.91983076,POINT (-73.91983075699994 40.83732351100008),2020-01-05 21:57:00+00:00,2020,1,5,21:57:00,Sunday
21976,MANHATTAN,28,False,40.64971987,-73.96312803,POINT (-73.96312802699998 40.64971987400003),2020-03-13 00:32:00+00:00,2020,3,13,00:32:00,Friday
21977,BRONX,44,True,40.7944117,-73.80279526,POINT (-73.80279526499999 40.79441169700005),2020-04-01 21:40:00+00:00,2020,4,1,21:40:00,Wednesday
21978,BROOKLYN,81,False,40.67416803,-74.00219692,POINT (-74.00219692399996 40.67416802600008),2020-03-20 21:27:00+00:00,2020,3,20,21:27:00,Friday
21982,STATEN ISLAND,120,True,40.7952582,-73.94935941,POINT (-73.94935940799998 40.795258198000056),2020-04-14 15:58:00+00:00,2020,4,14,15:58:00,Tuesday
21983,BROOKLYN,83,True,40.88733282,-73.84725001,POINT (-73.84725001299995 40.88733281800006),2020-03-14 20:18:00+00:00,2020,3,14,20:18:00,Saturday
21989,MANHATTAN,25,True,40.69023761,-73.79987606,POINT (-73.79987605699995 40.69023761000005),2020-02-12 02:30:00+00:00,2020,2,12,02:30:00,Wednesday
21998,BROOKLYN,72,False,40.64032011,-73.93979151,POINT (-73.93979151099995 40.640320114000076),2020-01-02 20:20:00+00:00,2020,1,2,20:20:00,Thursday
22005,QUEENS,101,False,40.79975213,-73.95124138,POINT (-73.95124137999993 40.79975213100005),2020-01-07 13:30:00+00:00,2020,1,7,13:30:00,Tuesday
22011,MANHATTAN,34,True,40.86436864,-73.86544108,POINT (-73.86544107799993 40.86436863500006),2020-01-20 04:50:00+00:00,2020,1,20,04:50:00,Monday
22017,BROOKLYN,73,True,40.59712057,-73.94124922,POINT (-73.94124921699995 40.59712056600006),2020-04-13 21:27:00+00:00,2020,4,13,21:27:00,Monday
22019,MANHATTAN,34,False,40.86436864,-73.86544108,POINT (-73.86544107799993 40.86436863500006),2020-01-20 04:50:00+00:00,2020,1,20,04:50:00,Monday
22034,BROOKLYN,72,False,40.64032011,-73.93979151,POINT (-73.93979151099995 40.640320114000076),2020-01-02 20:20:00+00:00,2020,1,2,20:20:00,Thursday
22037,BROOKLYN,75,False,40.7546191,-73.87619504,POINT (-73.87619504199995 40.754619097000045),2020-02-07 22:50:00+00:00,2020,2,7,22:50:00,Friday
22038,BRONX,49,False,40.66654015,-73.87932515,POINT (-73.87932514799998 40.66654015100005),2020-01-18 01:06:00+00:00,2020,1,18,01:06:00,Saturday
22039,BROOKLYN,67,False,40.59368533,-73.75907038,POINT (-73.75907037999998 40.59368532700007),2020-01-02 04:10:00+00:00,2020,1,2,04:10:00,Thursday
22042,BROOKLYN,67,False,40.63348917,-73.88922793,POINT (-73.88922792999993 40.633489170000075),2020-02-16 15:30:00+00:00,2020,2,16,15:30:00,Sunday
22048,BROOKLYN,77,False,40.67557139,-73.92577898,POINT (-73.92577898299999 40.675571392000045),2020-04-15 22:03:00+00:00,2020,4,15,22:03:00,Wednesday
22050,BRONX,47,False,40.78934789,-73.94735241,POINT (-73.94735241299998 40.78934789300007),2020-04-30 23:20:00+00:00,2020,4,30,23:20:00,Thursday
22052,BROOKLYN,77,True,40.68034722,-73.93003524,POINT (-73.93003524099998 40.68034722300007),2020-04-11 19:58:00+00:00,2020,4,11,19:58:00,Saturday
22053,QUEENS,105,False,40.6684668,-73.89600445,POINT (-73.89600444799999 40.66846680400005),2020-01-25 20:05:00+00:00,2020,1,25,20:05:00,Saturday
22066,BROOKLYN,83,False,40.83732351,-73.91983076,POINT (-73.91983075699994 40.83732351100008),2020-01-15 05:31:00+00:00,2020,1,15,05:31:00,Wednesday
22068,BROOKLYN,79,True,40.82001526,-73.88697368,POINT (-73.88697367999998 40.82001525600003),2020-04-20 19:36:00+00:00,2020,4,20,19:36:00,Monday
22071,QUEENS,103,False,40.81027545,-73.92562155,POINT (-73.92562154799998 40.81027545200004),2020-02-28 19:00:00+00:00,2020,2,28,19:00:00,Friday
22087,BRONX,48,False,40.79732124,-73.93150508,POINT (-73.93150507699995 40.797321243000056),2020-04-02 23:10:00+00:00,2020,4,2,23:10:00,Thursday
22092,BRONX,43,True,40.66269281,-73.88830716,POINT (-73.88830715999995 40.66269280500006),2020-01-01 10:29:00+00:00,2020,1,1,10:29:00,Wednesday
22101,QUEENS,114,True,40.71808997,-73.96491196,POINT (-73.96491195899995 40.71808997000005),2020-04-09 14:56:00+00:00,2020,4,9,14:56:00,Thursday
22104,MANHATTAN,28,False,40.63807818,-74.13184275,POINT (-74.13184274799994 40.63807818300006),2020-01-12 15:20:00+00:00,2020,1,12,15:20:00,Sunday
22107,MANHATTAN,9,False,40.67141166,-73.88151172,POINT (-73.88151172399995 40.67141166300007),2020-01-16 15:21:00+00:00,2020,1,16,15:21:00,Thursday
22109,BROOKLYN,81,False,40.67824326,-73.8955097,POINT (-73.89550970099998 40.67824325500004),2020-04-27 02:00:00+00:00,2020,4,27,02:00:00,Monday
22113,BROOKLYN,75,True,40.69783631,-73.7958466,POINT (-73.79584659799998 40.69783630800004),2020-04-19 08:50:00+00:00,2020,4,19,08:50:00,Sunday
22116,MANHATTAN,7,False,40.6763967,-74.00492251,POINT (-74.00492250999997 40.67639669900007),2020-03-21 00:13:00+00:00,2020,3,21,00:13:00,Saturday
22122,BRONX,41,False,40.63279801,-74.16521971,POINT (-74.16521970799994 40.63279800500004),2020-02-09 07:54:00+00:00,2020,2,9,07:54:00,Sunday
22123,MANHATTAN,25,False,40.67824326,-73.8955097,POINT (-73.89550970099998 40.67824325500004),2020-01-02 16:25:00+00:00,2020,1,2,16:25:00,Thursday
22126,STATEN ISLAND,121,False,40.5873465,-73.81304854,POINT (-73.81304853899996 40.58734650400004),2020-03-14 00:01:00+00:00,2020,3,14,00:01:00,Saturday
22132,BROOKLYN,75,True,40.82266066,-73.91152022,POINT (-73.911520222 40.82266065500005),2020-02-04 18:43:00+00:00,2020,2,4,18:43:00,Tuesday
22136,BROOKLYN,75,False,40.69575823,-73.94928352,POINT (-73.94928351799997 40.69575822900004),2020-01-29 20:30:00+00:00,2020,1,29,20:30:00,Wednesday
22142,BRONX,47,False,40.75890302,-73.86119261,POINT (-73.86119261 40.75890301700008),2020-01-12 00:50:00+00:00,2020,1,12,00:50:00,Sunday
22149,QUEENS,115,True,40.5797802,-73.99842465,POINT (-73.99842465499995 40.57978019500007),2020-01-13 03:51:00+00:00,2020,1,13,03:51:00,Monday
22157,MANHATTAN,32,False,40.60673849,-73.75852628,POINT (-73.75852627599994 40.60673849300008),2020-03-10 00:45:00+00:00,2020,3,10,00:45:00,Tuesday
22158,BROOKLYN,77,False,40.59548718,-73.78458649,POINT (-73.78458649099997 40.59548717900003),2020-01-01 02:35:00+00:00,2020,1,1,02:35:00,Wednesday
22161,QUEENS,103,False,40.83855091,-73.90939937,POINT (-73.90939937399997 40.83855090900005),2020-03-27 05:40:00+00:00,2020,3,27,05:40:00,Friday
22163,BROOKLYN,75,True,40.84324043,-73.93635868,POINT (-73.93635868099993 40.84324043000004),2020-02-04 18:43:00+00:00,2020,2,4,18:43:00,Tuesday
22175,QUEENS,108,False,40.68910829,-73.78696321,POINT (-73.78696320699999 40.68910828500003),2020-02-22 06:05:00+00:00,2020,2,22,06:05:00,Saturday
22178,MANHATTAN,28,False,40.67065507,-73.91339092,POINT (-73.91339091999998 40.670655072000045),2020-01-25 01:30:00+00:00,2020,1,25,01:30:00,Saturday
22179,BRONX,40,False,40.60673849,-73.75852628,POINT (-73.75852627599994 40.60673849300008),2020-03-10 02:20:00+00:00,2020,3,10,02:20:00,Tuesday
22183,QUEENS,103,False,40.83378184,-73.9265782,POINT (-73.92657819899993 40.833781835000025),2020-01-11 21:30:00+00:00,2020,1,11,21:30:00,Saturday
22190,QUEENS,111,False,40.74515055,-73.86242664,POINT (-73.86242663599995 40.74515055200004),2020-02-29 02:13:00+00:00,2020,2,29,02:13:00,Saturday
22203,BROOKLYN,76,True,40.65272465,-73.93150216,POINT (-73.93150216299993 40.65272464900005),2020-02-08 02:20:00+00:00,2020,2,8,02:20:00,Saturday
22209,MANHATTAN,7,False,40.81371025,-73.92318281,POINT (-73.923182807 40.81371024600002),2020-03-21 00:13:00+00:00,2020,3,21,00:13:00,Saturday
22219,QUEENS,109,False,40.75890302,-73.86119261,POINT (-73.86119261 40.75890301700008),2020-02-21 22:10:00+00:00,2020,2,21,22:10:00,Friday
22246,MANHATTAN,34,False,40.86436864,-73.86544108,POINT (-73.86544107799993 40.86436863500006),2020-01-20 04:50:00+00:00,2020,1,20,04:50:00,Monday
22263,MANHATTAN,25,True,40.65269513,-73.96284167,POINT (-73.96284167499994 40.65269512700007),2020-03-05 18:39:00+00:00,2020,3,5,18:39:00,Thursday
22270,BROOKLYN,84,True,40.85109863,-73.90803041,POINT (-73.90803040599997 40.85109863400004),2020-02-24 15:30:00+00:00,2020,2,24,15:30:00,Monday
22272,MANHATTAN,9,False,40.67924234,-73.94218637,POINT (-73.94218636599999 40.67924233600007),2020-03-08 05:00:00+00:00,2020,3,8,05:00:00,Sunday
22276,BRONX,46,False,40.86413609,-73.91918021,POINT (-73.91918020999998 40.86413608500004),2020-03-15 20:39:00+00:00,2020,3,15,20:39:00,Sunday
22284,BRONX,41,False,40.78934789,-73.94735241,POINT (-73.94735241299998 40.78934789300007),2020-01-12 12:05:00+00:00,2020,1,12,12:05:00,Sunday
22288,MANHATTAN,7,False,40.7711011,-73.83449784,POINT (-73.834497836 40.77110109700004),2020-03-21 00:13:00+00:00,2020,3,21,00:13:00,Saturday
22306,STATEN ISLAND,121,False,40.59646293,-73.77246641,POINT (-73.77246640899993 40.59646293100008),2020-01-11 16:00:00+00:00,2020,1,11,16:00:00,Saturday
22312,BROOKLYN,79,True,40.67459999,-73.93057482,POINT (-73.93057482199998 40.67459999000005),2020-01-20 19:30:00+00:00,2020,1,20,19:30:00,Monday
22329,QUEENS,103,False,40.57343941,-73.99174391,POINT (-73.99174391099999 40.57343941200002),2020-02-08 05:30:00+00:00,2020,2,8,05:30:00,Saturday
22331,BRONX,48,True,40.69783631,-73.7958466,POINT (-73.79584659799998 40.69783630800004),2020-04-18 00:57:00+00:00,2020,4,18,00:57:00,Saturday
22336,BROOKLYN,60,False,40.68965532,-73.91840007,POINT (-73.91840006999998 40.689655320000035),2020-04-14 23:59:00+00:00,2020,4,14,23:59:00,Tuesday
22353,BROOKLYN,88,False,40.66969238,-73.91074263,POINT (-73.91074262999997 40.669692375000075),2020-01-02 21:12:00+00:00,2020,1,2,21:12:00,Thursday
22355,BRONX,48,False,40.63279801,-74.16521971,POINT (-74.16521970799994 40.63279800500004),2020-01-23 19:47:00+00:00,2020,1,23,19:47:00,Thursday
22356,QUEENS,113,True,40.75365563,-73.81306546,POINT (-73.81306545699994 40.753655629000036),2020-01-21 11:38:00+00:00,2020,1,21,11:38:00,Tuesday
22359,BRONX,50,False,40.78621722,-73.94380515,POINT (-73.94380515399996 40.78621722200006),2020-02-01 05:09:00+00:00,2020,2,1,05:09:00,Saturday
22362,MANHATTAN,32,False,40.64886713,-73.9508219,POINT (-73.95082189999994 40.64886713300007),2020-04-25 00:55:00+00:00,2020,4,25,00:55:00,Saturday
22377,BROOKLYN,90,False,40.6692002,-73.90964022,POINT (-73.90964022299994 40.66920019900005),2020-03-08 04:51:00+00:00,2020,3,8,04:51:00,Sunday
22396,QUEENS,102,False,40.8643313,-73.86637753,POINT (-73.86637753399998 40.86433129700004),2020-01-14 16:57:00+00:00,2020,1,14,16:57:00,Tuesday
22412,MANHATTAN,34,True,40.86436864,-73.86544108,POINT (-73.86544107799993 40.86436863500006),2020-01-20 04:50:00+00:00,2020,1,20,04:50:00,Monday
22415,QUEENS,113,False,40.83593961,-73.88646599,POINT (-73.88646598899999 40.83593960600007),2020-02-17 23:56:00+00:00,2020,2,17,23:56:00,Monday
22417,BROOKLYN,63,True,40.77445549,-73.9325648,POINT (-73.93256480499997 40.77445548600008),2020-02-11 18:07:00+00:00,2020,2,11,18:07:00,Tuesday
22422,BRONX,42,False,40.67423304,-73.9319992,POINT (-73.93199920199999 40.67423304000005),2020-04-11 23:00:00+00:00,2020,4,11,23:00:00,Saturday
22431,BRONX,44,False,40.82338729,-73.87017045,POINT (-73.87017045 40.82338729100008),2020-04-10 04:39:00+00:00,2020,4,10,04:39:00,Friday
22443,QUEENS,101,False,40.67013835,-73.90892519,POINT (-73.90892519399995 40.67013835000005),2020-02-27 00:38:00+00:00,2020,2,27,00:38:00,Thursday
22452,QUEENS,100,False,40.70704748,-73.7926119,POINT (-73.79261190399995 40.70704747500002),2020-03-07 03:00:00+00:00,2020,3,7,03:00:00,Saturday
22474,BRONX,40,False,40.65993057,-73.9241276,POINT (-73.92412760099995 40.659930565000025),2020-03-20 00:02:00+00:00,2020,3,20,00:02:00,Friday
22477,STATEN ISLAND,121,True,40.62182225,-74.00227805,POINT (-74.00227804999997 40.62182224900005),2020-04-08 22:26:00+00:00,2020,4,8,22:26:00,Wednesday
22481,BROOKLYN,75,False,40.59372578,-73.77496024,POINT (-73.77496023599997 40.59372577800008),2020-04-06 21:53:00+00:00,2020,4,6,21:53:00,Monday
22483,BROOKLYN,81,False,40.78970954,-73.96797272,POINT (-73.96797272299993 40.78970953800007),2020-03-08 20:00:00+00:00,2020,3,8,20:00:00,Sunday
22487,BRONX,44,False,40.79409373,-73.93681016,POINT (-73.936810155 40.79409372500004),2020-04-07 18:15:00+00:00,2020,4,7,18:15:00,Tuesday
22498,BROOKLYN,73,False,40.88605551,-73.87875672,POINT (-73.87875671899997 40.886055507000044),2020-04-06 17:40:00+00:00,2020,4,6,17:40:00,Monday
22501,BROOKLYN,81,False,40.80919375,-73.92518927,POINT (-73.92518927399993 40.80919375100007),2020-01-07 23:00:00+00:00,2020,1,7,23:00:00,Tuesday
22504,BROOKLYN,67,False,40.85657673,-73.84389368,POINT (-73.84389367799997 40.85657672800004),2020-03-29 06:17:00+00:00,2020,3,29,06:17:00,Sunday
22506,BROOKLYN,90,False,40.70534732,-73.94115745,POINT (-73.94115744599996 40.70534732300007),2020-03-08 04:51:00+00:00,2020,3,8,04:51:00,Sunday
22511,QUEENS,104,False,40.87755443,-73.87293947,POINT (-73.87293947099994 40.877554428000046),2020-03-27 19:35:00+00:00,2020,3,27,19:35:00,Friday
22517,BRONX,46,False,40.74479336,-73.99329255,POINT (-73.99329254599996 40.74479335700005),2020-04-22 01:06:00+00:00,2020,4,22,01:06:00,Wednesday
22519,QUEENS,105,False,40.82034874,-73.94002245,POINT (-73.94002245199994 40.82034873600002),2020-01-28 14:30:00+00:00,2020,1,28,14:30:00,Tuesday
22526,QUEENS,115,False,40.84460258,-73.88166226,POINT (-73.88166226199996 40.84460257800004),2020-01-13 03:51:00+00:00,2020,1,13,03:51:00,Monday
22540,BROOKLYN,72,False,40.67623191,-74.006945,POINT (-74.00694499699993 40.676231908000034),2020-01-13 16:36:00+00:00,2020,1,13,16:36:00,Monday
22543,BRONX,47,True,40.74798569,-74.00089288,POINT (-74.00089288399994 40.74798569200004),2020-02-03 21:12:00+00:00,2020,2,3,21:12:00,Monday
22546,MANHATTAN,34,True,40.86436864,-73.86544108,POINT (-73.86544107799993 40.86436863500006),2020-01-20 04:50:00+00:00,2020,1,20,04:50:00,Monday
22547,BRONX,46,True,40.63633348,-73.89892973,POINT (-73.89892972899997 40.63633347500007),2020-01-19 23:30:00+00:00,2020,1,19,23:30:00,Sunday
22564,BROOKLYN,79,False,40.71368588,-73.7357525,POINT (-73.73575249799995 40.71368588400003),2020-03-28 21:43:00+00:00,2020,3,28,21:43:00,Saturday
22576,BRONX,42,False,40.78934789,-73.94735241,POINT (-73.94735241299998 40.78934789300007),2020-04-17 02:45:00+00:00,2020,4,17,02:45:00,Friday
22586,BROOKLYN,75,False,40.90337931,-73.85444089,POINT (-73.85444088699995 40.90337931000005),2020-03-23 07:45:00+00:00,2020,3,23,07:45:00,Monday
22594,QUEENS,113,False,40.85031637,-73.88643783,POINT (-73.88643783499998 40.85031637100008),2020-03-20 19:04:00+00:00,2020,3,20,19:04:00,Friday
22600,BROOKLYN,79,True,40.65106272,-73.92929834,POINT (-73.92929833799997 40.65106272200006),2020-03-03 03:10:00+00:00,2020,3,3,03:10:00,Tuesday
22607,BROOKLYN,71,False,40.81636615,-73.86762631,POINT (-73.86762631099998 40.816366145000075),2020-02-14 16:32:00+00:00,2020,2,14,16:32:00,Friday
22609,MANHATTAN,33,False,40.82774366,-73.90438065,POINT (-73.90438065399997 40.82774366300004),2020-03-05 10:48:00+00:00,2020,3,5,10:48:00,Thursday
22611,QUEENS,101,False,40.72328014,-73.99746883,POINT (-73.99746883299997 40.723280139000046),2020-02-05 04:02:00+00:00,2020,2,5,04:02:00,Wednesday
22627,BRONX,50,False,40.72628778,-73.987796,POINT (-73.98779600499995 40.72628777500006),2020-01-06 14:15:00+00:00,2020,1,6,14:15:00,Monday
22630,BROOKLYN,75,False,40.81594676,-73.90762016,POINT (-73.90762016499998 40.81594675500003),2020-04-07 16:44:00+00:00,2020,4,7,16:44:00,Tuesday
22632,MANHATTAN,23,False,40.66420739,-73.88775313,POINT (-73.88775313199994 40.66420738500005),2020-03-03 21:27:00+00:00,2020,3,3,21:27:00,Tuesday
22667,BROOKLYN,81,True,40.61889566,-73.92788438,POINT (-73.92788437599995 40.618895663000046),2020-03-16 14:00:00+00:00,2020,3,16,14:00:00,Monday
22681,BRONX,47,True,40.85761269,-73.89312398,POINT (-73.89312397699997 40.857612694000075),2020-02-18 11:17:00+00:00,2020,2,18,11:17:00,Tuesday
22690,BROOKLYN,72,False,40.64633821,-74.01083732,POINT (-74.01083732399997 40.64633820900008),2020-01-02 19:30:00+00:00,2020,1,2,19:30:00,Thursday
22692,BROOKLYN,90,False,40.84318799,-73.90092495,POINT (-73.90092494799995 40.84318799200002),2020-01-24 14:48:00+00:00,2020,1,24,14:48:00,Friday
22696,BRONX,42,False,40.64032011,-73.93979151,POINT (-73.93979151099995 40.640320114000076),2020-01-13 13:52:00+00:00,2020,1,13,13:52:00,Monday
22698,BRONX,46,True,40.77329985,-73.98802568,POINT (-73.98802567999998 40.77329984700003),2020-01-19 23:30:00+00:00,2020,1,19,23:30:00,Sunday
22700,BROOKLYN,75,False,40.81740254,-73.88724185,POINT (-73.88724185399997 40.81740254300007),2020-03-14 12:21:00+00:00,2020,3,14,12:21:00,Saturday
22701,BRONX,44,False,40.71156494,-73.98834337,POINT (-73.98834336899995 40.71156493900003),2020-04-10 04:39:00+00:00,2020,4,10,04:39:00,Friday
22712,BROOKLYN,70,False,40.67141166,-73.88151172,POINT (-73.88151172399995 40.67141166300007),2020-03-03 12:23:00+00:00,2020,3,3,12:23:00,Tuesday
22713,MANHATTAN,34,False,40.669566,-73.88857683,POINT (-73.88857682599996 40.66956599700006),2020-01-05 02:20:00+00:00,2020,1,5,02:20:00,Sunday
22739,BROOKLYN,75,False,40.68910829,-73.78696321,POINT (-73.78696320699999 40.68910828500003),2020-02-21 02:15:00+00:00,2020,2,21,02:15:00,Friday
22750,QUEENS,103,False,40.86413609,-73.91918021,POINT (-73.91918020999998 40.86413608500004),2020-04-08 07:50:00+00:00,2020,4,8,07:50:00,Wednesday
22753,QUEENS,115,False,40.70138766,-73.75230118,POINT (-73.75230117999998 40.70138766100007),2020-03-21 01:15:00+00:00,2020,3,21,01:15:00,Saturday
22754,MANHATTAN,30,False,40.66940465,-73.86363907,POINT (-73.86363907499998 40.66940464800007),2020-01-23 14:00:00+00:00,2020,1,23,14:00:00,Thursday
22762,BRONX,41,False,40.66399003,-73.86669235,POINT (-73.86669235099998 40.663990028000065),2020-01-11 21:45:00+00:00,2020,1,11,21:45:00,Saturday
22763,MANHATTAN,25,False,40.67824326,-73.8955097,POINT (-73.89550970099998 40.67824325500004),2020-01-02 16:25:00+00:00,2020,1,2,16:25:00,Thursday
22766,MANHATTAN,7,False,40.70534027,-73.96400256,POINT (-73.96400255699997 40.705340265000075),2020-03-21 00:13:00+00:00,2020,3,21,00:13:00,Saturday
22767,BROOKLYN,71,False,40.66778911,-73.9058716,POINT (-73.90587160499997 40.667789106000036),2020-03-14 00:50:00+00:00,2020,3,14,00:50:00,Saturday
22775,BRONX,52,False,40.65269513,-73.96284167,POINT (-73.96284167499994 40.65269512700007),2020-02-10 00:16:00+00:00,2020,2,10,00:16:00,Monday
22780,MANHATTAN,33,False,40.66254287,-73.89829168,POINT (-73.89829168299997 40.66254286800007),2020-03-05 10:48:00+00:00,2020,3,5,10:48:00,Thursday
22796,MANHATTAN,24,True,40.67704431,-73.96362125,POINT (-73.96362125499998 40.677044310000035),2020-01-01 21:47:00+00:00,2020,1,1,21:47:00,Wednesday
22799,BROOKLYN,75,False,40.64444994,-74.00921907,POINT (-74.00921906899998 40.644449939000026),2020-01-29 20:30:00+00:00,2020,1,29,20:30:00,Wednesday
22805,MANHATTAN,34,True,40.74396184,-73.87422638,POINT (-73.87422637699996 40.74396183900007),2020-01-20 04:50:00+00:00,2020,1,20,04:50:00,Monday
22809,MANHATTAN,18,True,40.81592955,-73.94516736,POINT (-73.94516735699995 40.815929553000046),2020-01-23 01:20:00+00:00,2020,1,23,01:20:00,Thursday
22816,BROOKLYN,75,False,40.88554018,-73.85332627,POINT (-73.85332627499997 40.885540183000046),2020-04-27 19:55:00+00:00,2020,4,27,19:55:00,Monday
22827,BROOKLYN,73,True,40.75890302,-73.86119261,POINT (-73.86119261 40.75890301700008),2020-02-21 10:22:00+00:00,2020,2,21,10:22:00,Friday
22836,BROOKLYN,77,False,40.79725757,-73.96804133,POINT (-73.96804132599993 40.797257565000045),2020-04-11 19:40:00+00:00,2020,4,11,19:40:00,Saturday
22854,BRONX,43,False,40.71246411,-73.82835619,POINT (-73.82835619399998 40.712464112000085),2020-03-09 22:32:00+00:00,2020,3,9,22:32:00,Monday
22856,QUEENS,113,False,40.67141166,-73.88151172,POINT (-73.88151172399995 40.67141166300007),2020-02-17 22:28:00+00:00,2020,2,17,22:28:00,Monday
22857,BROOKLYN,77,False,40.65269513,-73.96284167,POINT (-73.96284167499994 40.65269512700007),2020-03-04 16:26:00+00:00,2020,3,4,16:26:00,Wednesday
22864,BROOKLYN,83,False,40.69225908,-73.95026342,POINT (-73.95026341599998 40.69225907600002),2020-02-08 22:06:00+00:00,2020,2,8,22:06:00,Saturday
22865,BROOKLYN,77,False,40.66269281,-73.88830716,POINT (-73.88830715999995 40.66269280500006),2020-04-30 14:25:00+00:00,2020,4,30,14:25:00,Thursday
22871,QUEENS,113,False,40.67162409,-73.9252895,POINT (-73.925289503 40.67162408600007),2020-04-06 23:10:00+00:00,2020,4,6,23:10:00,Monday
22875,BROOKLYN,67,False,40.68050936,-73.75287988,POINT (-73.75287988099996 40.68050935700006),2020-01-07 16:43:00+00:00,2020,1,7,16:43:00,Tuesday
22898,BROOKLYN,73,False,40.81888137,-73.9192713,POINT (-73.91927129699997 40.81888137300007),2020-01-16 19:55:00+00:00,2020,1,16,19:55:00,Thursday
22909,QUEENS,101,False,40.66636295,-73.88869392,POINT (-73.88869391999998 40.66636295200004),2020-02-19 20:24:00+00:00,2020,2,19,20:24:00,Wednesday
22914,QUEENS,103,False,40.86413609,-73.91918021,POINT (-73.91918020999998 40.86413608500004),2020-04-08 07:50:00+00:00,2020,4,8,07:50:00,Wednesday
22916,BRONX,43,False,40.69564054,-73.85139999,POINT (-73.85139999399996 40.695640535000045),2020-03-10 01:37:00+00:00,2020,3,10,01:37:00,Tuesday
22930,MANHATTAN,28,False,40.64971987,-73.96312803,POINT (-73.96312802699998 40.64971987400003),2020-03-13 00:32:00+00:00,2020,3,13,00:32:00,Friday
22931,BROOKLYN,75,True,40.67467676,-73.94020753,POINT (-73.94020752699998 40.67467676300004),2020-03-09 09:15:00+00:00,2020,3,9,09:15:00,Monday
22941,BROOKLYN,69,False,40.67312818,-73.94462864,POINT (-73.94462864499997 40.67312817700008),2020-04-11 22:50:00+00:00,2020,4,11,22:50:00,Saturday
22951,QUEENS,114,False,40.68004873,-73.77590919,POINT (-73.77590919399995 40.680048726000045),2020-01-15 19:35:00+00:00,2020,1,15,19:35:00,Wednesday
22955,MANHATTAN,34,False,40.86436864,-73.86544108,POINT (-73.86544107799993 40.86436863500006),2020-01-20 04:50:00+00:00,2020,1,20,04:50:00,Monday
22968,BROOKLYN,77,False,40.83362859,-73.89520063,POINT (-73.89520062899999 40.833628590000046),2020-01-09 11:30:00+00:00,2020,1,9,11:30:00,Thursday
22973,BRONX,50,False,40.63348917,-73.88922793,POINT (-73.88922792999993 40.633489170000075),2020-02-18 00:25:00+00:00,2020,2,18,00:25:00,Tuesday
22991,BROOKLYN,79,False,40.85150771,-73.88382239,POINT (-73.88382239499998 40.851507714000036),2020-02-27 02:17:00+00:00,2020,2,27,02:17:00,Thursday
22999,QUEENS,113,False,40.8340455,-73.87814682,POINT (-73.87814681899994 40.83404549800008),2020-01-04 23:38:00+00:00,2020,1,4,23:38:00,Saturday
23000,MANHATTAN,30,True,40.82915525,-73.91598865,POINT (-73.91598865499998 40.82915525300007),2020-01-23 14:00:00+00:00,2020,1,23,14:00:00,Thursday
23026,BROOKLYN,83,False,40.84413995,-73.90038862,POINT (-73.90038861799998 40.84413994500005),2020-01-15 05:31:00+00:00,2020,1,15,05:31:00,Wednesday
23027,BRONX,44,False,40.79409373,-73.93681016,POINT (-73.936810155 40.79409372500004),2020-01-03 17:30:00+00:00,2020,1,3,17:30:00,Friday
23032,BRONX,43,False,40.84727716,-73.91044291,POINT (-73.91044290599996 40.84727715500002),2020-01-26 00:27:00+00:00,2020,1,26,00:27:00,Sunday
23037,BROOKLYN,73,False,40.85227172,-73.92058629,POINT (-73.92058628899998 40.85227171500002),2020-03-06 05:39:00+00:00,2020,3,6,05:39:00,Friday
23046,MANHATTAN,34,False,40.84453267,-73.93541773,POINT (-73.93541772899994 40.84453266500003),2020-02-05 23:13:00+00:00,2020,2,5,23:13:00,Wednesday
23056,BROOKLYN,67,False,40.68733525,-73.93441973,POINT (-73.93441973499995 40.68733525300007),2020-04-05 03:19:00+00:00,2020,4,5,03:19:00,Sunday
23066,BROOKLYN,88,False,40.60666486,-73.7561496,POINT (-73.75614960299998 40.606664855000076),2020-03-22 15:30:00+00:00,2020,3,22,15:30:00,Sunday
23069,QUEENS,103,False,40.78456213,-73.94377405,POINT (-73.943774052 40.78456213200008),2020-02-13 17:55:00+00:00,2020,2,13,17:55:00,Thursday
23075,BRONX,44,False,40.65188819,-73.89586451,POINT (-73.89586451299994 40.65188819400004),2020-04-27 19:30:00+00:00,2020,4,27,19:30:00,Monday
23077,STATEN ISLAND,120,False,40.72128533,-73.97778942,POINT (-73.97778942499998 40.72128533000005),2020-03-26 21:49:00+00:00,2020,3,26,21:49:00,Thursday
23093,STATEN ISLAND,120,False,40.70945998,-73.94314125,POINT (-73.94314125399995 40.70945997800004),2020-02-18 22:25:00+00:00,2020,2,18,22:25:00,Tuesday
23096,BRONX,42,False,40.71124488,-73.95776997,POINT (-73.95776997399997 40.71124488000004),2020-03-09 21:53:00+00:00,2020,3,9,21:53:00,Monday
23103,BROOKLYN,77,False,40.66248621,-73.92451757,POINT (-73.92451757499998 40.66248621300008),2020-04-01 04:18:00+00:00,2020,4,1,04:18:00,Wednesday
23115,MANHATTAN,34,False,40.86436864,-73.86544108,POINT (-73.86544107799993 40.86436863500006),2020-01-20 04:50:00+00:00,2020,1,20,04:50:00,Monday
23117,BROOKLYN,79,True,40.86413609,-73.91918021,POINT (-73.91918020999998 40.86413608500004),2020-04-06 02:00:00+00:00,2020,4,6,02:00:00,Monday
23123,BRONX,45,False,40.75890302,-73.86119261,POINT (-73.86119261 40.75890301700008),2020-01-07 21:00:00+00:00,2020,1,7,21:00:00,Tuesday
23128,BRONX,44,False,40.68376561,-73.97098738,POINT (-73.97098738499994 40.68376560900003),2020-04-10 04:39:00+00:00,2020,4,10,04:39:00,Friday
23138,QUEENS,101,False,40.64064844,-73.96337446,POINT (-73.96337445699999 40.64064843800003),2020-04-30 23:36:00+00:00,2020,4,30,23:36:00,Thursday
23144,QUEENS,113,False,40.83855091,-73.90939937,POINT (-73.90939937399997 40.83855090900005),2020-03-20 19:04:00+00:00,2020,3,20,19:04:00,Friday
23146,QUEENS,100,False,40.66570713,-73.91459047,POINT (-73.91459046799997 40.66570713200008),2020-01-21 12:10:00+00:00,2020,1,21,12:10:00,Tuesday
23149,BRONX,46,False,40.67824326,-73.8955097,POINT (-73.89550970099998 40.67824325500004),2020-04-29 15:30:00+00:00,2020,4,29,15:30:00,Wednesday
23154,BRONX,45,False,40.75890302,-73.86119261,POINT (-73.86119261 40.75890301700008),2020-01-07 21:00:00+00:00,2020,1,7,21:00:00,Tuesday
23155,BRONX,48,True,40.85170536,-73.93199489,POINT (-73.93199489299997 40.85170536100002),2020-04-18 00:57:00+00:00,2020,4,18,00:57:00,Saturday
23160,BRONX,43,True,40.84169493,-73.91110819,POINT (-73.91110819299998 40.84169493300004),2020-01-01 10:29:00+00:00,2020,1,1,10:29:00,Wednesday
23161,BRONX,48,False,40.63279801,-74.16521971,POINT (-74.16521970799994 40.63279800500004),2020-01-23 19:47:00+00:00,2020,1,23,19:47:00,Thursday
23163,BROOKLYN,76,False,40.68354911,-73.98849609,POINT (-73.98849609399997 40.68354911000005),2020-04-20 22:29:00+00:00,2020,4,20,22:29:00,Monday
23164,BRONX,49,False,40.81612233,-73.89775712,POINT (-73.89775711899993 40.816122327000066),2020-04-19 17:35:00+00:00,2020,4,19,17:35:00,Sunday
23167,BROOKLYN,84,False,40.86884213,-73.88004272,POINT (-73.88004271999995 40.868842130000075),2020-02-02 15:55:00+00:00,2020,2,2,15:55:00,Sunday
23194,BRONX,46,False,40.67476654,-73.95004213,POINT (-73.95004212899995 40.67476654100005),2020-03-29 00:45:00+00:00,2020,3,29,00:45:00,Sunday
23200,BRONX,40,False,40.63388517,-74.13333687,POINT (-74.13333686699998 40.63388516500004),2020-01-11 03:02:00+00:00,2020,1,11,03:02:00,Saturday
23212,BRONX,52,False,40.75890302,-73.86119261,POINT (-73.86119261 40.75890301700008),2020-01-18 21:52:00+00:00,2020,1,18,21:52:00,Saturday
23219,BROOKLYN,81,False,40.73211282,-73.74115308,POINT (-73.741153076 40.73211282000005),2020-03-19 20:08:00+00:00,2020,3,19,20:08:00,Thursday
23221,BROOKLYN,88,False,40.81670371,-73.86522675,POINT (-73.86522675299993 40.81670371100006),2020-03-22 15:30:00+00:00,2020,3,22,15:30:00,Sunday
23223,MANHATTAN,34,False,40.65440412,-73.91837111,POINT (-73.91837110599994 40.65440412200008),2020-02-26 22:50:00+00:00,2020,2,26,22:50:00,Wednesday
23226,QUEENS,113,False,40.85777051,-73.89460588,POINT (-73.89460587699995 40.85777050600007),2020-03-21 16:05:00+00:00,2020,3,21,16:05:00,Saturday
23238,BRONX,44,True,40.67423304,-73.9319992,POINT (-73.93199920199999 40.67423304000005),2020-01-11 22:37:00+00:00,2020,1,11,22:37:00,Saturday
23254,BROOKLYN,77,False,40.66544595,-73.9516135,POINT (-73.95161349899998 40.66544594900005),2020-02-09 19:40:00+00:00,2020,2,9,19:40:00,Sunday
23272,BRONX,50,False,40.66428001,-73.89193786,POINT (-73.89193786299995 40.66428001100008),2020-02-18 00:25:00+00:00,2020,2,18,00:25:00,Tuesday
23273,BRONX,44,True,40.67824326,-73.8955097,POINT (-73.89550970099998 40.67824325500004),2020-01-11 22:37:00+00:00,2020,1,11,22:37:00,Saturday
23276,BROOKLYN,73,False,40.79091383,-73.93913168,POINT (-73.93913167799997 40.79091383100007),2020-03-04 14:39:00+00:00,2020,3,4,14:39:00,Wednesday
23278,BROOKLYN,75,False,40.73856022,-73.9996839,POINT (-73.99968389599996 40.73856022100006),2020-03-07 18:20:00+00:00,2020,3,7,18:20:00,Saturday
23282,BROOKLYN,67,False,40.86413609,-73.91918021,POINT (-73.91918020999998 40.86413608500004),2020-04-29 13:40:00+00:00,2020,4,29,13:40:00,Wednesday
23308,BROOKLYN,73,False,40.83186397,-73.85707627,POINT (-73.85707627399995 40.831863965000025),2020-03-18 22:17:00+00:00,2020,3,18,22:17:00,Wednesday
23321,MANHATTAN,23,False,40.64842112,-73.90489711,POINT (-73.90489710899999 40.64842111900003),2020-04-16 02:48:00+00:00,2020,4,16,02:48:00,Thursday
23322,QUEENS,101,True,40.77471672,-73.97468463,POINT (-73.97468462999996 40.77471671800004),2020-04-15 13:15:00+00:00,2020,4,15,13:15:00,Wednesday
23330,MANHATTAN,30,True,40.80579303,-73.95065539,POINT (-73.95065539299998 40.80579302500007),2020-01-23 14:00:00+00:00,2020,1,23,14:00:00,Thursday
23332,BRONX,48,False,40.63242457,-73.88404526,POINT (-73.88404526199997 40.63242457100006),2020-03-01 19:15:00+00:00,2020,3,1,19:15:00,Sunday
23333,BROOKLYN,69,False,40.68707368,-73.94320361,POINT (-73.94320360999996 40.68707368100007),2020-01-27 21:30:00+00:00,2020,1,27,21:30:00,Monday
23338,QUEENS,101,False,40.79091383,-73.93913168,POINT (-73.93913167799997 40.79091383100007),2020-02-23 22:30:00+00:00,2020,2,23,22:30:00,Sunday
23343,MANHATTAN,23,True,40.76956124,-73.91536345,POINT (-73.91536344699995 40.76956124200007),2020-04-10 19:44:00+00:00,2020,4,10,19:44:00,Friday
23349,BROOKLYN,73,False,40.70721492,-74.00595274,POINT (-74.00595273699997 40.70721492400003),2020-04-25 16:34:00+00:00,2020,4,25,16:34:00,Saturday
23350,BROOKLYN,79,False,40.8352125,-73.87102914,POINT (-73.87102913699994 40.83521249700004),2020-04-04 18:15:00+00:00,2020,4,4,18:15:00,Saturday
23354,BRONX,41,False,40.75890302,-73.86119261,POINT (-73.86119261 40.75890301700008),2020-01-25 10:30:00+00:00,2020,1,25,10:30:00,Saturday
23355,MANHATTAN,9,True,40.79315266,-73.93749723,POINT (-73.937497233 40.793152657000064),2020-01-09 03:34:00+00:00,2020,1,9,03:34:00,Thursday
23357,QUEENS,101,False,40.83059175,-73.91363443,POINT (-73.913634432 40.83059174500005),2020-02-05 11:51:00+00:00,2020,2,5,11:51:00,Wednesday
23360,BRONX,47,False,40.66251802,-73.9270118,POINT (-73.92701180399997 40.662518015000046),2020-04-25 20:45:00+00:00,2020,4,25,20:45:00,Saturday
23362,QUEENS,115,False,40.68136029,-73.79326866,POINT (-73.79326865999997 40.68136029300007),2020-01-13 03:51:00+00:00,2020,1,13,03:51:00,Monday
23367,MANHATTAN,25,True,40.69023761,-73.79987606,POINT (-73.79987605699995 40.69023761000005),2020-02-12 02:30:00+00:00,2020,2,12,02:30:00,Wednesday
23368,MANHATTAN,23,True,40.65269513,-73.96284167,POINT (-73.96284167499994 40.65269512700007),2020-02-19 19:05:00+00:00,2020,2,19,19:05:00,Wednesday
23387,MANHATTAN,33,False,40.82774366,-73.90438065,POINT (-73.90438065399997 40.82774366300004),2020-03-05 10:48:00+00:00,2020,3,5,10:48:00,Thursday
23407,MANHATTAN,33,False,40.82774366,-73.90438065,POINT (-73.90438065399997 40.82774366300004),2020-03-05 10:48:00+00:00,2020,3,5,10:48:00,Thursday
23408,QUEENS,101,False,40.84001841,-73.873434,POINT (-73.87343400399999 40.84001840900004),2020-02-21 02:30:00+00:00,2020,2,21,02:30:00,Friday
23409,BROOKLYN,78,True,40.67288015,-73.92369109,POINT (-73.92369108599996 40.67288014500008),2020-03-13 16:53:00+00:00,2020,3,13,16:53:00,Friday
23437,BRONX,42,False,40.67281227,-73.93870592,POINT (-73.93870591999999 40.67281227000007),2020-01-13 13:52:00+00:00,2020,1,13,13:52:00,Monday
23441,BROOKLYN,73,False,40.79826064,-73.94286676,POINT (-73.94286676199994 40.79826064200005),2020-04-06 17:40:00+00:00,2020,4,6,17:40:00,Monday
23443,BROOKLYN,67,False,40.80673436,-73.93896911,POINT (-73.93896910899997 40.806734361000046),2020-04-29 19:00:00+00:00,2020,4,29,19:00:00,Wednesday
23467,QUEENS,115,True,40.85676556,-73.90035163,POINT (-73.90035163399993 40.85676556100003),2020-02-08 12:13:00+00:00,2020,2,8,12:13:00,Saturday
23468,BRONX,44,False,40.69811674,-73.94495771,POINT (-73.94495770899994 40.698116742000025),2020-03-10 13:00:00+00:00,2020,3,10,13:00:00,Tuesday
23469,MANHATTAN,23,True,40.88637354,-73.83431213,POINT (-73.83431213299998 40.88637354300005),2020-04-11 19:48:00+00:00,2020,4,11,19:48:00,Saturday
23477,QUEENS,100,False,40.6449815,-74.0773213,POINT (-74.07732129999994 40.644981504000036),2020-01-28 20:16:00+00:00,2020,1,28,20:16:00,Tuesday
23479,QUEENS,101,False,40.66636295,-73.88869392,POINT (-73.88869391999998 40.66636295200004),2020-02-19 20:24:00+00:00,2020,2,19,20:24:00,Wednesday
23480,BROOKLYN,67,False,40.69563615,-73.98136452,POINT (-73.98136451699997 40.69563614600002),2020-01-07 16:43:00+00:00,2020,1,7,16:43:00,Tuesday
23494,BROOKLYN,73,True,40.66051961,-73.88345217,POINT (-73.88345217399996 40.66051961000005),2020-04-19 14:50:00+00:00,2020,4,19,14:50:00,Sunday
23498,BROOKLYN,67,False,40.8596265,-73.89523196,POINT (-73.89523196499994 40.859626495000036),2020-03-08 15:38:00+00:00,2020,3,8,15:38:00,Sunday
23502,BRONX,48,False,40.83855091,-73.90939937,POINT (-73.90939937399997 40.83855090900005),2020-04-02 23:10:00+00:00,2020,4,2,23:10:00,Thursday
23510,MANHATTAN,32,False,40.74525274,-73.87006287,POINT (-73.87006286999997 40.74525274100006),2020-04-10 00:21:00+00:00,2020,4,10,00:21:00,Friday
23512,QUEENS,115,False,40.6565982,-73.88162814,POINT (-73.88162813699995 40.656598197000044),2020-03-21 01:15:00+00:00,2020,3,21,01:15:00,Saturday
23518,BROOKLYN,72,False,40.82774366,-73.90438065,POINT (-73.90438065399997 40.82774366300004),2020-03-09 00:10:00+00:00,2020,3,9,00:10:00,Monday
23544,BRONX,44,False,40.75945057,-73.93357627,POINT (-73.933576266 40.759450567000044),2020-03-10 13:00:00+00:00,2020,3,10,13:00:00,Tuesday
23548,MANHATTAN,32,False,40.83585426,-73.86815491,POINT (-73.86815490699998 40.83585425500007),2020-01-26 23:16:00+00:00,2020,1,26,23:16:00,Sunday
23550,MANHATTAN,23,False,40.6760516,-73.93461109,POINT (-73.93461108799994 40.676051596000036),2020-04-20 01:35:00+00:00,2020,4,20,01:35:00,Monday
23551,BROOKLYN,63,False,40.70225442,-73.9082682,POINT (-73.908268202 40.702254418000045),2020-01-02 21:37:00+00:00,2020,1,2,21:37:00,Thursday
23552,MANHATTAN,34,False,40.65440412,-73.91837111,POINT (-73.91837110599994 40.65440412200008),2020-02-26 22:50:00+00:00,2020,2,26,22:50:00,Wednesday
23566,BRONX,42,False,40.6667458,-73.90223237,POINT (-73.90223237399994 40.66674580000005),2020-01-18 01:00:00+00:00,2020,1,18,01:00:00,Saturday
